[{"model": "wagtailredirects.redirect", "pk": 2, "fields": {"old_path": "/sit-down-startup-podcast", "site": 2, "is_permanent": true, "redirect_page": 5, "redirect_page_route_path": "", "redirect_link": "", "automatically_created": true, "created_at": "2022-10-18T22:58:05.922Z"}}, {"model": "wagtailredirects.redirect", "pk": 3, "fields": {"old_path": "/startup-cx-awards", "site": 2, "is_permanent": true, "redirect_page": 6, "redirect_page_route_path": "", "redirect_link": "", "automatically_created": true, "created_at": "2022-10-18T22:58:05.955Z"}}, {"model": "wagtailusers.userprofile", "pk": 1, "fields": {"user": 1, "submitted_notifications": true, "approved_notifications": true, "rejected_notifications": true, "updated_comments_notifications": true, "preferred_language": "", "current_time_zone": "", "avatar": ""}}, {"model": "wagtailusers.userprofile", "pk": 2, "fields": {"user": 2, "submitted_notifications": true, "approved_notifications": true, "rejected_notifications": true, "updated_comments_notifications": true, "preferred_language": "", "current_time_zone": "", "avatar": "avatar_images/avatar_8b730130-0c28-4f50-8ec8-6542f8ff8edc_copenaghen.jpeg"}}, {"model": "wagtailusers.userprofile", "pk": 3, "fields": {"user": 3, "submitted_notifications": true, "approved_notifications": true, "rejected_notifications": true, "updated_comments_notifications": true, "preferred_language": "", "current_time_zone": "", "avatar": ""}}, {"model": "wagtaildocs.document", "pk": 1, "fields": {"collection": 1, "title": "wagtail", "file": "documents/wagtail.rtf", "created_at": "2022-10-19T23:24:53.944Z", "uploaded_by_user": 2, "file_size": 9008, "file_hash": "89a04f4d95ee533de3db2d80f2b8641541546ec0"}}, {"model": "wagtailimages.image", "pk": 1, "fields": {"collection": 1, "title": "hero", "file": "original_images/hero.jpg", "width": 555, "height": 426, "created_at": "2022-10-18T15:21:29.298Z", "uploaded_by_user": 1, "focal_point_x": null, "focal_point_y": null, "focal_point_width": null, "focal_point_height": null, "file_size": 27330, "file_hash": "6d4dcfc2fde585c502346e295ff8428aa1068a6b"}}, {"model": "wagtailimages.image", "pk": 2, "fields": {"collection": 1, "title": "card-1", "file": "original_images/article-2.jpg", "width": 300, "height": 167, "created_at": "2022-10-18T23:06:13.416Z", "uploaded_by_user": 1, "focal_point_x": null, "focal_point_y": null, "focal_point_width": null, "focal_point_height": null, "file_size": 12765, "file_hash": "316e4a86a08727d3dd3535b0248bb4ce4df1366f"}}, {"model": "wagtailimages.image", "pk": 3, "fields": {"collection": 1, "title": "card-2", "file": "original_images/article-1.jpg", "width": 300, "height": 167, "created_at": "2022-10-18T23:25:48.987Z", "uploaded_by_user": 1, "focal_point_x": null, "focal_point_y": null, "focal_point_width": null, "focal_point_height": null, "file_size": 10254, "file_hash": "0485ccd88014ef7b0e96a7b77389d5fa4036b53b"}}, {"model": "wagtailimages.image", "pk": 4, "fields": {"collection": 1, "title": "stary-2121647_1280", "file": "original_images/stary-2121647_1280.png", "width": 1280, "height": 707, "created_at": "2022-10-19T14:24:14.669Z", "uploaded_by_user": 1, "focal_point_x": null, "focal_point_y": null, "focal_point_width": null, "focal_point_height": null, "file_size": 382616, "file_hash": "c32f92f5067dd98a02b08ca35877350522990832"}}, {"model": "wagtailimages.image", "pk": 5, "fields": {"collection": 1, "title": "article-3", "file": "original_images/article-3.jpg", "width": 299, "height": 169, "created_at": "2022-10-19T14:29:35.959Z", "uploaded_by_user": 1, "focal_point_x": null, "focal_point_y": null, "focal_point_width": null, "focal_point_height": null, "file_size": 12909, "file_hash": "d5bcdd8687f31f970dcd3ec3f742c4b21c526839"}}, {"model": "wagtailimages.image", "pk": 6, "fields": {"collection": 1, "title": "article-4", "file": "original_images/article-4.jpg", "width": 300, "height": 167, "created_at": "2022-10-19T14:29:36.068Z", "uploaded_by_user": 1, "focal_point_x": null, "focal_point_y": null, "focal_point_width": null, "focal_point_height": null, "file_size": 7403, "file_hash": "7624f4b436efe5b8097888ba42954a840023ca85"}}, {"model": "wagtailimages.image", "pk": 7, "fields": {"collection": 1, "title": "article-5", "file": "original_images/article-5.jpg", "width": 300, "height": 167, "created_at": "2022-10-19T14:29:36.158Z", "uploaded_by_user": 1, "focal_point_x": null, "focal_point_y": null, "focal_point_width": null, "focal_point_height": null, "file_size": 8776, "file_hash": "0e2a65bebe695905f9a36facaed85236ac3b116e"}}, {"model": "wagtailimages.image", "pk": 8, "fields": {"collection": 1, "title": "flowers-276014_1280", "file": "original_images/flowers-276014_1280.jpg", "width": 1280, "height": 814, "created_at": "2022-10-19T14:31:07.820Z", "uploaded_by_user": 1, "focal_point_x": null, "focal_point_y": null, "focal_point_width": null, "focal_point_height": null, "file_size": 370912, "file_hash": "041e9d877f270fb6ec0215cdadb93e4b5553c763"}}, {"model": "wagtailimages.rendition", "pk": 1, "fields": {"filter_spec": "max-165x165", "file": "images/hero.max-165x165.jpg", "width": 165, "height": 126, "focal_point_key": "", "image": 1}}, {"model": "wagtailimages.rendition", "pk": 2, "fields": {"filter_spec": "max-550x550", "file": "images/hero.max-550x550.jpg", "width": 550, "height": 422, "focal_point_key": "", "image": 1}}, {"model": "wagtailimages.rendition", "pk": 3, "fields": {"filter_spec": "max-165x165", "file": "images/article-2.max-165x165.jpg", "width": 165, "height": 91, "focal_point_key": "", "image": 2}}, {"model": "wagtailimages.rendition", "pk": 4, "fields": {"filter_spec": "max-550x550", "file": "images/article-2.max-550x550.jpg", "width": 300, "height": 167, "focal_point_key": "", "image": 2}}, {"model": "wagtailimages.rendition", "pk": 5, "fields": {"filter_spec": "max-165x165", "file": "images/article-1.max-165x165.jpg", "width": 165, "height": 91, "focal_point_key": "", "image": 3}}, {"model": "wagtailimages.rendition", "pk": 6, "fields": {"filter_spec": "max-550x550", "file": "images/article-1.max-550x550.jpg", "width": 300, "height": 167, "focal_point_key": "", "image": 3}}, {"model": "wagtailimages.rendition", "pk": 7, "fields": {"filter_spec": "max-165x165", "file": "images/stary-2121647_1280.max-165x165.png", "width": 165, "height": 91, "focal_point_key": "", "image": 4}}, {"model": "wagtailimages.rendition", "pk": 8, "fields": {"filter_spec": "max-550x550", "file": "images/stary-2121647_1280.max-550x550.png", "width": 550, "height": 303, "focal_point_key": "", "image": 4}}, {"model": "wagtailimages.rendition", "pk": 9, "fields": {"filter_spec": "max-165x165", "file": "images/flowers-276014_1280.max-165x165.jpg", "width": 165, "height": 104, "focal_point_key": "", "image": 8}}, {"model": "wagtailimages.rendition", "pk": 10, "fields": {"filter_spec": "max-165x165", "file": "images/article-5.max-165x165.jpg", "width": 165, "height": 91, "focal_point_key": "", "image": 7}}, {"model": "wagtailimages.rendition", "pk": 11, "fields": {"filter_spec": "max-165x165", "file": "images/article-4.max-165x165.jpg", "width": 165, "height": 91, "focal_point_key": "", "image": 6}}, {"model": "wagtailimages.rendition", "pk": 12, "fields": {"filter_spec": "max-165x165", "file": "images/article-3.max-165x165.jpg", "width": 165, "height": 93, "focal_point_key": "", "image": 5}}, {"model": "wagtailimages.rendition", "pk": 13, "fields": {"filter_spec": "max-550x550", "file": "images/article-5.max-550x550.jpg", "width": 300, "height": 167, "focal_point_key": "", "image": 7}}, {"model": "wagtailimages.rendition", "pk": 14, "fields": {"filter_spec": "max-550x550", "file": "images/article-4.max-550x550.jpg", "width": 300, "height": 167, "focal_point_key": "", "image": 6}}, {"model": "wagtailsearch.sqliteftsindexentry", "pk": 1, "fields": {"autocomplete": "hero hero", "title": "hero", "body": "hero"}}, {"model": "wagtailsearch.sqliteftsindexentry", "pk": 2, "fields": {"autocomplete": "hero", "title": "hero", "body": ""}}, {"model": "wagtailsearch.sqliteftsindexentry", "pk": 3, "fields": {"autocomplete": "Sit Down Startup Podcast", "title": "Sit Down Startup Podcast", "body": ""}}, {"model": "wagtailsearch.sqliteftsindexentry", "pk": 4, "fields": {"autocomplete": "Startup CX Awards", "title": "Startup CX Awards", "body": ""}}, {"model": "wagtailsearch.sqliteftsindexentry", "pk": 6, "fields": {"autocomplete": "Carrousel Section", "title": "Carrousel Section", "body": ""}}, {"model": "wagtailsearch.sqliteftsindexentry", "pk": 7, "fields": {"autocomplete": "Card Section", "title": "Card Section", "body": ""}}, {"model": "wagtailsearch.sqliteftsindexentry", "pk": 8, "fields": {"autocomplete": "card-1 card", "title": "card-1", "body": "card"}}, {"model": "wagtailsearch.sqliteftsindexentry", "pk": 9, "fields": {"autocomplete": "Training", "title": "Training", "body": ""}}, {"model": "wagtailsearch.sqliteftsindexentry", "pk": 10, "fields": {"autocomplete": "card-2 card", "title": "card-2", "body": "card"}}, {"model": "wagtailsearch.sqliteftsindexentry", "pk": 11, "fields": {"autocomplete": "Office Hours", "title": "Office Hours", "body": ""}}, {"model": "wagtailsearch.sqliteftsindexentry", "pk": 12, "fields": {"autocomplete": "stary-2121647_1280 hero", "title": "stary-2121647_1280", "body": "hero"}}, {"model": "wagtailsearch.sqliteftsindexentry", "pk": 13, "fields": {"autocomplete": "article-3 card", "title": "article-3", "body": "card"}}, {"model": "wagtailsearch.sqliteftsindexentry", "pk": 14, "fields": {"autocomplete": "article-4 card", "title": "article-4", "body": "card"}}, {"model": "wagtailsearch.sqliteftsindexentry", "pk": 15, "fields": {"autocomplete": "article-5 card", "title": "article-5", "body": "card"}}, {"model": "wagtailsearch.sqliteftsindexentry", "pk": 16, "fields": {"autocomplete": "flowers-276014_1280 carousel", "title": "flowers-276014_1280", "body": "carousel"}}, {"model": "wagtailsearch.sqliteftsindexentry", "pk": 18, "fields": {"autocomplete": "FAQs", "title": "FAQs", "body": ""}}, {"model": "wagtailsearch.sqliteftsindexentry", "pk": 21, "fields": {"autocomplete": "wagtail documentacion wagtail", "title": "wagtail", "body": "documentacion wagtail"}}, {"model": "wagtailsearch.sqliteftsindexentry", "pk": 25, "fields": {"autocomplete": "\"Starry Night\" de Van Gogh", "title": "\"Starry Night\" de Van Gogh", "body": ""}}, {"model": "wagtailsearch.sqliteftsindexentry", "pk": 28, "fields": {"autocomplete": "Root", "title": "Root", "body": ""}}, {"model": "wagtailsearch.sqliteftsindexentry", "pk": 31, "fields": {"autocomplete": "Flex Pages", "title": "Flex Pages", "body": ""}}, {"model": "wagtailsearch.sqliteftsindexentry", "pk": 32, "fields": {"autocomplete": "About Page", "title": "About Page", "body": ""}}, {"model": "wagtailsearch.sqliteftsindexentry", "pk": 33, "fields": {"autocomplete": "Content", "title": "Content", "body": ""}}, {"model": "wagtailsearch.indexentry", "pk": 1, "fields": {"content_type": 6, "object_id": "1", "title_norm": 2.6666666666666665, "autocomplete": "hero hero", "title": "hero", "body": "hero"}}, {"model": "wagtailsearch.indexentry", "pk": 2, "fields": {"content_type": 45, "object_id": "4", "title_norm": 2.6666666666666665, "autocomplete": "hero", "title": "hero", "body": ""}}, {"model": "wagtailsearch.indexentry", "pk": 3, "fields": {"content_type": 46, "object_id": "5", "title_norm": 0.4444444444444444, "autocomplete": "Sit Down Startup Podcast", "title": "Sit Down Startup Podcast", "body": ""}}, {"model": "wagtailsearch.indexentry", "pk": 4, "fields": {"content_type": 46, "object_id": "6", "title_norm": 0.7205882352941176, "autocomplete": "Startup CX Awards", "title": "Startup CX Awards", "body": ""}}, {"model": "wagtailsearch.indexentry", "pk": 6, "fields": {"content_type": 49, "object_id": "8", "title_norm": 0.7843137254901961, "autocomplete": "Carrousel Section", "title": "Carrousel Section", "body": ""}}, {"model": "wagtailsearch.indexentry", "pk": 7, "fields": {"content_type": 48, "object_id": "9", "title_norm": 1.0952380952380951, "autocomplete": "Card Section", "title": "Card Section", "body": ""}}, {"model": "wagtailsearch.indexentry", "pk": 8, "fields": {"content_type": 6, "object_id": "2", "title_norm": 2.0416666666666665, "autocomplete": "card-1 card", "title": "card-1", "body": "card"}}, {"model": "wagtailsearch.indexentry", "pk": 9, "fields": {"content_type": 47, "object_id": "10", "title_norm": 1.4722222222222223, "autocomplete": "Training", "title": "Training", "body": ""}}, {"model": "wagtailsearch.indexentry", "pk": 10, "fields": {"content_type": 6, "object_id": "3", "title_norm": 1.8666666666666665, "autocomplete": "card-2 card", "title": "card-2", "body": "card"}}, {"model": "wagtailsearch.indexentry", "pk": 11, "fields": {"content_type": 47, "object_id": "11", "title_norm": 0.9393939393939394, "autocomplete": "Office Hours", "title": "Office Hours", "body": ""}}, {"model": "wagtailsearch.indexentry", "pk": 12, "fields": {"content_type": 6, "object_id": "4", "title_norm": 0.6464646464646465, "autocomplete": "stary-2121647_1280 hero", "title": "stary-2121647_1280", "body": "hero"}}, {"model": "wagtailsearch.indexentry", "pk": 13, "fields": {"content_type": 6, "object_id": "5", "title_norm": 1.2685185185185184, "autocomplete": "article-3 card", "title": "article-3", "body": "card"}}, {"model": "wagtailsearch.indexentry", "pk": 14, "fields": {"content_type": 6, "object_id": "6", "title_norm": 1.2478632478632479, "autocomplete": "article-4 card", "title": "article-4", "body": "card"}}, {"model": "wagtailsearch.indexentry", "pk": 15, "fields": {"content_type": 6, "object_id": "7", "title_norm": 1.2301587301587302, "autocomplete": "article-5 card", "title": "article-5", "body": "card"}}, {"model": "wagtailsearch.indexentry", "pk": 16, "fields": {"content_type": 6, "object_id": "8", "title_norm": 0.6105263157894737, "autocomplete": "flowers-276014_1280 carousel", "title": "flowers-276014_1280", "body": "carousel"}}, {"model": "wagtailsearch.indexentry", "pk": 18, "fields": {"content_type": 47, "object_id": "13", "title_norm": 2.8088235294117645, "autocomplete": "FAQs", "title": "FAQs", "body": ""}}, {"model": "wagtailsearch.indexentry", "pk": 21, "fields": {"content_type": 5, "object_id": "1", "title_norm": 1.5714285714285714, "autocomplete": "wagtail documentacion wagtail", "title": "wagtail", "body": "documentacion wagtail"}}, {"model": "wagtailsearch.indexentry", "pk": 25, "fields": {"content_type": 46, "object_id": "18", "title_norm": 0.4508547008547008, "autocomplete": "\"Starry Night\" de Van Gogh", "title": "\"Starry Night\" de Van Gogh", "body": ""}}, {"model": "wagtailsearch.indexentry", "pk": 28, "fields": {"content_type": 1, "object_id": "1", "title_norm": 2.8214285714285716, "autocomplete": "Root", "title": "Root", "body": ""}}, {"model": "wagtailsearch.indexentry", "pk": 31, "fields": {"content_type": 51, "object_id": "23", "title_norm": 1.125, "autocomplete": "Flex Pages", "title": "Flex Pages", "body": ""}}, {"model": "wagtailsearch.indexentry", "pk": 32, "fields": {"content_type": 50, "object_id": "24", "title_norm": 1.119047619047619, "autocomplete": "About Page", "title": "About Page", "body": ""}}, {"model": "wagtailsearch.indexentry", "pk": 33, "fields": {"content_type": 50, "object_id": "25", "title_norm": 1.5714285714285714, "autocomplete": "Content", "title": "Content", "body": ""}}, {"model": "wagtailcore.locale", "pk": 1, "fields": {"language_code": "en"}}, {"model": "wagtailcore.site", "pk": 2, "fields": {"hostname": "localhost", "port": 80, "site_name": "", "root_page": 3, "is_default_site": true}}, {"model": "wagtailcore.modellogentry", "pk": 1, "fields": {"content_type": 42, "label": "juanpa", "action": "wagtail.create", "data": {}, "timestamp": "2022-10-19T23:00:09.602Z", "uuid": "da3b15ab-f2fb-434d-82f3-74a4eeee9a7f", "user": 1, "revision": null, "content_changed": false, "deleted": false, "object_id": "2"}}, {"model": "wagtailcore.modellogentry", "pk": 2, "fields": {"content_type": 42, "label": "juanpa", "action": "wagtail.edit", "data": {}, "timestamp": "2022-10-19T23:04:35.473Z", "uuid": "7720fc36-4689-4535-b0aa-84c95b361b04", "user": 1, "revision": null, "content_changed": false, "deleted": false, "object_id": "2"}}, {"model": "wagtailcore.modellogentry", "pk": 3, "fields": {"content_type": 41, "label": "LandingEditor", "action": "wagtail.edit", "data": {}, "timestamp": "2022-10-19T23:07:53.100Z", "uuid": "4acfb8ed-0aab-43fc-b5cf-19d839af811e", "user": 1, "revision": null, "content_changed": true, "deleted": false, "object_id": "3"}}, {"model": "wagtailcore.modellogentry", "pk": 4, "fields": {"content_type": 41, "label": "LandingEditor", "action": "wagtail.edit", "data": {}, "timestamp": "2022-10-19T23:14:11.389Z", "uuid": "e5b6dee2-417c-44a5-aac1-6142aa5b6351", "user": 1, "revision": null, "content_changed": true, "deleted": false, "object_id": "3"}}, {"model": "wagtailcore.modellogentry", "pk": 5, "fields": {"content_type": 41, "label": "LandingEditor", "action": "wagtail.edit", "data": {}, "timestamp": "2022-10-19T23:17:19.935Z", "uuid": "1ff45f63-126f-4140-922a-4b02ff2165c7", "user": 1, "revision": null, "content_changed": true, "deleted": false, "object_id": "3"}}, {"model": "wagtailcore.modellogentry", "pk": 6, "fields": {"content_type": 41, "label": "LandingEditor", "action": "wagtail.edit", "data": {}, "timestamp": "2022-10-19T23:26:22.293Z", "uuid": "ca8a9101-c89b-422d-a0ca-3d654530b5bb", "user": 1, "revision": null, "content_changed": true, "deleted": false, "object_id": "3"}}, {"model": "wagtailcore.modellogentry", "pk": 7, "fields": {"content_type": 41, "label": "LandingEditor", "action": "wagtail.edit", "data": {}, "timestamp": "2022-10-19T23:26:51.611Z", "uuid": "3f8c6247-b92b-47e8-b9ae-8d7997b9c1cd", "user": 1, "revision": null, "content_changed": true, "deleted": false, "object_id": "3"}}, {"model": "wagtailcore.modellogentry", "pk": 8, "fields": {"content_type": 41, "label": "LandingEditor", "action": "wagtail.edit", "data": {}, "timestamp": "2022-10-19T23:28:32.194Z", "uuid": "b1b9425f-cada-4ae1-8d29-07b33e52a046", "user": 1, "revision": null, "content_changed": true, "deleted": false, "object_id": "3"}}, {"model": "wagtailcore.modellogentry", "pk": 9, "fields": {"content_type": 42, "label": "juanpa", "action": "wagtail.edit", "data": {}, "timestamp": "2022-10-25T17:47:55.766Z", "uuid": "3d76c3b9-20d0-4071-b4c9-cf60eb6e0542", "user": 2, "revision": null, "content_changed": false, "deleted": false, "object_id": "2"}}, {"model": "wagtailcore.modellogentry", "pk": 10, "fields": {"content_type": 41, "label": "LandingEditor", "action": "wagtail.edit", "data": {}, "timestamp": "2022-11-01T15:58:59.967Z", "uuid": "e00f4cd5-9b1f-4977-a69d-7e665821de6b", "user": 1, "revision": null, "content_changed": true, "deleted": false, "object_id": "3"}}, {"model": "wagtailcore.modellogentry", "pk": 11, "fields": {"content_type": 42, "label": "juanpa", "action": "wagtail.edit", "data": {}, "timestamp": "2022-11-01T17:17:28.377Z", "uuid": "7a4c8209-a71c-4fa1-ae63-53833cd092af", "user": 2, "revision": null, "content_changed": false, "deleted": false, "object_id": "2"}}, {"model": "wagtailcore.modellogentry", "pk": 12, "fields": {"content_type": 42, "label": "alexis", "action": "wagtail.create", "data": {}, "timestamp": "2022-11-01T17:22:03.682Z", "uuid": "fa136783-51e1-4f1c-8690-e7b3daa3a252", "user": 1, "revision": null, "content_changed": false, "deleted": false, "object_id": "3"}}, {"model": "wagtailcore.collection", "pk": 1, "fields": {"path": "0001", "depth": 1, "numchild": 0, "name": "Root"}}, {"model": "wagtailcore.groupcollectionpermission", "pk": 1, "fields": {"group": 2, "collection": 1, "permission": 2}}, {"model": "wagtailcore.groupcollectionpermission", "pk": 2, "fields": {"group": 1, "collection": 1, "permission": 2}}, {"model": "wagtailcore.groupcollectionpermission", "pk": 3, "fields": {"group": 2, "collection": 1, "permission": 3}}, {"model": "wagtailcore.groupcollectionpermission", "pk": 4, "fields": {"group": 1, "collection": 1, "permission": 3}}, {"model": "wagtailcore.groupcollectionpermission", "pk": 5, "fields": {"group": 2, "collection": 1, "permission": 5}}, {"model": "wagtailcore.groupcollectionpermission", "pk": 6, "fields": {"group": 1, "collection": 1, "permission": 5}}, {"model": "wagtailcore.groupcollectionpermission", "pk": 7, "fields": {"group": 2, "collection": 1, "permission": 6}}, {"model": "wagtailcore.groupcollectionpermission", "pk": 8, "fields": {"group": 1, "collection": 1, "permission": 6}}, {"model": "wagtailcore.groupcollectionpermission", "pk": 9, "fields": {"group": 2, "collection": 1, "permission": 7}}, {"model": "wagtailcore.groupcollectionpermission", "pk": 10, "fields": {"group": 1, "collection": 1, "permission": 7}}, {"model": "wagtailcore.groupcollectionpermission", "pk": 11, "fields": {"group": 2, "collection": 1, "permission": 9}}, {"model": "wagtailcore.groupcollectionpermission", "pk": 12, "fields": {"group": 1, "collection": 1, "permission": 9}}, {"model": "wagtailcore.groupcollectionpermission", "pk": 13, "fields": {"group": 3, "collection": 1, "permission": 6}}, {"model": "wagtailcore.groupcollectionpermission", "pk": 14, "fields": {"group": 3, "collection": 1, "permission": 7}}, {"model": "wagtailcore.groupcollectionpermission", "pk": 15, "fields": {"group": 3, "collection": 1, "permission": 9}}, {"model": "wagtailcore.groupcollectionpermission", "pk": 18, "fields": {"group": 3, "collection": 1, "permission": 5}}, {"model": "wagtailcore.groupcollectionpermission", "pk": 19, "fields": {"group": 3, "collection": 1, "permission": 2}}, {"model": "wagtailcore.groupcollectionpermission", "pk": 20, "fields": {"group": 3, "collection": 1, "permission": 3}}, {"model": "wagtailcore.page", "pk": 1, "fields": {"path": "0001", "depth": 1, "numchild": 1, "translation_key": "e9212682-6cad-40d3-b670-ad3459b8293e", "locale": 1, "latest_revision": null, "live": true, "has_unpublished_changes": false, "first_published_at": null, "last_published_at": null, "live_revision": null, "go_live_at": null, "expire_at": null, "expired": false, "locked": false, "locked_at": null, "locked_by": null, "title": "Root", "draft_title": "Root", "slug": "root", "content_type": 1, "url_path": "/", "owner": null, "seo_title": "", "show_in_menus": false, "search_description": "", "latest_revision_created_at": null, "alias_of": null}}, {"model": "wagtailcore.page", "pk": 3, "fields": {"path": "00010001", "depth": 2, "numchild": 4, "translation_key": "c891c077-c786-4e77-a71c-1856bfcb722c", "locale": 1, "latest_revision": null, "live": true, "has_unpublished_changes": false, "first_published_at": null, "last_published_at": null, "live_revision": null, "go_live_at": null, "expire_at": null, "expired": false, "locked": false, "locked_at": null, "locked_by": null, "title": "Home", "draft_title": "Home", "slug": "home", "content_type": 2, "url_path": "/home/", "owner": null, "seo_title": "", "show_in_menus": false, "search_description": "", "latest_revision_created_at": null, "alias_of": null}}, {"model": "wagtailcore.page", "pk": 4, "fields": {"path": "000100010001", "depth": 3, "numchild": 0, "translation_key": "8e142121-b3a4-4d0f-86e9-f6dfb985d3ef", "locale": 1, "latest_revision": 104, "live": true, "has_unpublished_changes": false, "first_published_at": "2022-10-18T15:21:40.034Z", "last_published_at": "2022-11-01T17:46:12.598Z", "live_revision": 104, "go_live_at": null, "expire_at": null, "expired": false, "locked": false, "locked_at": null, "locked_by": null, "title": "hero", "draft_title": "hero", "slug": "hero", "content_type": 45, "url_path": "/home/hero/", "owner": 1, "seo_title": "", "show_in_menus": false, "search_description": "", "latest_revision_created_at": "2022-11-01T17:46:12.519Z", "alias_of": null}}, {"model": "wagtailcore.page", "pk": 5, "fields": {"path": "0001000100050002", "depth": 4, "numchild": 0, "translation_key": "9dc263f3-316a-494d-b978-529ab90b6176", "locale": 1, "latest_revision": 96, "live": true, "has_unpublished_changes": false, "first_published_at": "2022-10-18T15:22:43.893Z", "last_published_at": "2022-11-01T17:18:27.513Z", "live_revision": 96, "go_live_at": null, "expire_at": null, "expired": false, "locked": false, "locked_at": null, "locked_by": null, "title": "Sit Down Startup Podcast", "draft_title": "Sit Down Startup Podcast", "slug": "sit-down-startup-podcast", "content_type": 46, "url_path": "/home/carrousel-section/sit-down-startup-podcast/", "owner": 1, "seo_title": "", "show_in_menus": false, "search_description": "", "latest_revision_created_at": "2022-11-01T17:18:27.456Z", "alias_of": null}}, {"model": "wagtailcore.page", "pk": 6, "fields": {"path": "0001000100050003", "depth": 4, "numchild": 0, "translation_key": "51d52f80-be74-4a45-97b7-98b7fdbbfc9c", "locale": 1, "latest_revision": 14, "live": true, "has_unpublished_changes": false, "first_published_at": "2022-10-18T15:26:41.126Z", "last_published_at": "2022-10-18T16:04:55.889Z", "live_revision": 14, "go_live_at": null, "expire_at": null, "expired": false, "locked": false, "locked_at": null, "locked_by": null, "title": "Startup CX Awards", "draft_title": "Startup CX Awards", "slug": "startup-cx-awards", "content_type": 46, "url_path": "/home/carrousel-section/startup-cx-awards/", "owner": 1, "seo_title": "", "show_in_menus": false, "search_description": "", "latest_revision_created_at": "2022-10-18T16:04:55.812Z", "alias_of": null}}, {"model": "wagtailcore.page", "pk": 8, "fields": {"path": "000100010005", "depth": 3, "numchild": 3, "translation_key": "257c4d60-922e-48ab-a404-af73344adf90", "locale": 1, "latest_revision": 20, "live": true, "has_unpublished_changes": false, "first_published_at": "2022-10-18T22:56:47.442Z", "last_published_at": "2022-10-18T22:56:47.442Z", "live_revision": 20, "go_live_at": null, "expire_at": null, "expired": false, "locked": false, "locked_at": null, "locked_by": null, "title": "Carrousel Section", "draft_title": "Carrousel Section", "slug": "carrousel-section", "content_type": 49, "url_path": "/home/carrousel-section/", "owner": 1, "seo_title": "", "show_in_menus": false, "search_description": "", "latest_revision_created_at": "2022-10-18T22:56:47.385Z", "alias_of": null}}, {"model": "wagtailcore.page", "pk": 9, "fields": {"path": "000100010006", "depth": 3, "numchild": 3, "translation_key": "39efadb1-6b1f-4d76-adde-95c63e350c30", "locale": 1, "latest_revision": 22, "live": true, "has_unpublished_changes": false, "first_published_at": "2022-10-18T23:03:57.734Z", "last_published_at": "2022-10-18T23:03:57.734Z", "live_revision": 22, "go_live_at": null, "expire_at": null, "expired": false, "locked": false, "locked_at": null, "locked_by": null, "title": "Card Section", "draft_title": "Card Section", "slug": "card-section", "content_type": 48, "url_path": "/home/card-section/", "owner": 1, "seo_title": "", "show_in_menus": false, "search_description": "", "latest_revision_created_at": "2022-10-18T23:03:57.675Z", "alias_of": null}}, {"model": "wagtailcore.page", "pk": 10, "fields": {"path": "0001000100060001", "depth": 4, "numchild": 0, "translation_key": "7ed7283f-5e44-42fb-8244-1767495e0769", "locale": 1, "latest_revision": 24, "live": true, "has_unpublished_changes": false, "first_published_at": "2022-10-18T23:06:20.796Z", "last_published_at": "2022-10-18T23:06:20.796Z", "live_revision": 24, "go_live_at": null, "expire_at": null, "expired": false, "locked": false, "locked_at": null, "locked_by": null, "title": "Training", "draft_title": "Training", "slug": "training", "content_type": 47, "url_path": "/home/card-section/training/", "owner": 1, "seo_title": "", "show_in_menus": false, "search_description": "", "latest_revision_created_at": "2022-10-18T23:06:20.737Z", "alias_of": null}}, {"model": "wagtailcore.page", "pk": 11, "fields": {"path": "0001000100060002", "depth": 4, "numchild": 0, "translation_key": "b04d2377-d494-4f4b-8ed2-35bb37463533", "locale": 1, "latest_revision": 26, "live": true, "has_unpublished_changes": false, "first_published_at": "2022-10-18T23:25:55.553Z", "last_published_at": "2022-10-18T23:25:55.553Z", "live_revision": 26, "go_live_at": null, "expire_at": null, "expired": false, "locked": false, "locked_at": null, "locked_by": null, "title": "Office Hours", "draft_title": "Office Hours", "slug": "office-hours", "content_type": 47, "url_path": "/home/card-section/office-hours/", "owner": 1, "seo_title": "", "show_in_menus": false, "search_description": "", "latest_revision_created_at": "2022-10-18T23:25:55.480Z", "alias_of": null}}, {"model": "wagtailcore.page", "pk": 13, "fields": {"path": "0001000100060003", "depth": 4, "numchild": 0, "translation_key": "9194d99a-4859-478e-8e9c-30d526ee394c", "locale": 1, "latest_revision": 38, "live": true, "has_unpublished_changes": false, "first_published_at": "2022-10-19T14:58:27.401Z", "last_published_at": "2022-10-19T14:58:27.401Z", "live_revision": 38, "go_live_at": null, "expire_at": null, "expired": false, "locked": false, "locked_at": null, "locked_by": null, "title": "FAQs", "draft_title": "FAQs", "slug": "faqs", "content_type": 47, "url_path": "/home/card-section/faqs/", "owner": 1, "seo_title": "", "show_in_menus": false, "search_description": "", "latest_revision_created_at": "2022-10-19T14:58:27.298Z", "alias_of": null}}, {"model": "wagtailcore.page", "pk": 18, "fields": {"path": "0001000100050004", "depth": 4, "numchild": 0, "translation_key": "b16b95a3-73a6-4d47-87af-87145dc93c37", "locale": 1, "latest_revision": 108, "live": true, "has_unpublished_changes": false, "first_published_at": "2022-11-01T17:47:49.072Z", "last_published_at": "2022-11-01T17:49:05.362Z", "live_revision": 108, "go_live_at": null, "expire_at": null, "expired": false, "locked": false, "locked_at": null, "locked_by": null, "title": "\"Starry Night\" de Van Gogh", "draft_title": "\"Starry Night\" de Van Gogh", "slug": "starry-night-de-van-gogh", "content_type": 46, "url_path": "/home/carrousel-section/starry-night-de-van-gogh/", "owner": 2, "seo_title": "", "show_in_menus": false, "search_description": "", "latest_revision_created_at": "2022-11-01T17:49:05.293Z", "alias_of": null}}, {"model": "wagtailcore.page", "pk": 23, "fields": {"path": "000100010007", "depth": 3, "numchild": 2, "translation_key": "ed3157f6-3049-422b-8588-d8e947708d8f", "locale": 1, "latest_revision": 119, "live": true, "has_unpublished_changes": false, "first_published_at": "2022-11-01T20:32:44.339Z", "last_published_at": "2022-11-01T20:32:44.339Z", "live_revision": 119, "go_live_at": null, "expire_at": null, "expired": false, "locked": false, "locked_at": null, "locked_by": null, "title": "Flex Pages", "draft_title": "Flex Pages", "slug": "flex-pages", "content_type": 51, "url_path": "/home/flex-pages/", "owner": 1, "seo_title": "", "show_in_menus": false, "search_description": "", "latest_revision_created_at": "2022-11-01T20:32:44.275Z", "alias_of": null}}, {"model": "wagtailcore.page", "pk": 24, "fields": {"path": "0001000100070001", "depth": 4, "numchild": 0, "translation_key": "ad75cf30-4dfe-40fe-9f7d-3a45855f9dff", "locale": 1, "latest_revision": 121, "live": true, "has_unpublished_changes": false, "first_published_at": "2022-11-01T20:33:04.885Z", "last_published_at": "2022-11-01T20:33:04.885Z", "live_revision": 121, "go_live_at": null, "expire_at": null, "expired": false, "locked": false, "locked_at": null, "locked_by": null, "title": "About Page", "draft_title": "About Page", "slug": "about-page", "content_type": 50, "url_path": "/home/flex-pages/about-page/", "owner": 1, "seo_title": "", "show_in_menus": false, "search_description": "", "latest_revision_created_at": "2022-11-01T20:33:04.823Z", "alias_of": null}}, {"model": "wagtailcore.page", "pk": 25, "fields": {"path": "0001000100070002", "depth": 4, "numchild": 0, "translation_key": "0ec81b55-33a7-4de9-8a56-8f005e678a71", "locale": 1, "latest_revision": 123, "live": true, "has_unpublished_changes": false, "first_published_at": "2022-11-01T20:33:16.673Z", "last_published_at": "2022-11-01T20:33:16.673Z", "live_revision": 123, "go_live_at": null, "expire_at": null, "expired": false, "locked": false, "locked_at": null, "locked_by": null, "title": "Content", "draft_title": "Content", "slug": "content", "content_type": 50, "url_path": "/home/flex-pages/content/", "owner": 1, "seo_title": "", "show_in_menus": false, "search_description": "", "latest_revision_created_at": "2022-11-01T20:33:16.610Z", "alias_of": null}}, {"model": "wagtailcore.revision", "pk": 1, "fields": {"content_type": 45, "base_content_type": 1, "object_id": "4", "submitted_for_moderation": false, "created_at": "2022-10-18T15:21:36.445Z", "user": 1, "object_str": "hero", "content": {"pk": 4, "path": "000100010001", "depth": 3, "numchild": 0, "translation_key": "8e142121-b3a4-4d0f-86e9-f6dfb985d3ef", "locale": 1, "latest_revision": null, "live": false, "has_unpublished_changes": false, "first_published_at": null, "last_published_at": null, "live_revision": null, "go_live_at": null, "expire_at": null, "expired": false, "locked": false, "locked_at": null, "locked_by": null, "title": "hero", "draft_title": "hero", "slug": "hero", "content_type": 45, "url_path": "/home/hero/", "owner": 1, "seo_title": "", "show_in_menus": false, "search_description": "", "latest_revision_created_at": null, "alias_of": null, "hero_body": "<h1 data-block-key=\"ncam0\">Zendesk for Startups</h1><h2 data-block-key=\"3dt09\">Welcome to Startup Central</h2><p data-block-key=\"84ak2\">Your virtual hub connecting you with<br/>our community, product training and other startup resources.               </p>", "hero_image": 1, "wagtail_admin_comments": []}, "approved_go_live_at": null}}, {"model": "wagtailcore.revision", "pk": 2, "fields": {"content_type": 45, "base_content_type": 1, "object_id": "4", "submitted_for_moderation": false, "created_at": "2022-10-18T15:21:39.969Z", "user": 1, "object_str": "hero", "content": {"pk": 4, "path": "000100010001", "depth": 3, "numchild": 0, "translation_key": "8e142121-b3a4-4d0f-86e9-f6dfb985d3ef", "locale": 1, "latest_revision": 1, "live": false, "has_unpublished_changes": true, "first_published_at": null, "last_published_at": null, "live_revision": null, "go_live_at": null, "expire_at": null, "expired": false, "locked": false, "locked_at": null, "locked_by": null, "title": "hero", "draft_title": "hero", "slug": "hero", "content_type": 45, "url_path": "/home/hero/", "owner": 1, "seo_title": "", "show_in_menus": false, "search_description": "", "latest_revision_created_at": "2022-10-18T15:21:36.445Z", "alias_of": null, "hero_body": "<h1 data-block-key=\"ncam0\">Zendesk for Startups</h1><h2 data-block-key=\"3dt09\">Welcome to Startup Central</h2><p data-block-key=\"84ak2\">Your virtual hub connecting you with<br/>our community, product training and other startup resources.</p>", "hero_image": 1, "wagtail_admin_comments": []}, "approved_go_live_at": null}}, {"model": "wagtailcore.revision", "pk": 3, "fields": {"content_type": 46, "base_content_type": 1, "object_id": "5", "submitted_for_moderation": false, "created_at": "2022-10-18T15:22:40.067Z", "user": 1, "object_str": "Sit Down Startup Podcast", "content": {"pk": 5, "path": "000100010002", "depth": 3, "numchild": 0, "translation_key": "9dc263f3-316a-494d-b978-529ab90b6176", "locale": 1, "latest_revision": null, "live": false, "has_unpublished_changes": false, "first_published_at": null, "last_published_at": null, "live_revision": null, "go_live_at": null, "expire_at": null, "expired": false, "locked": false, "locked_at": null, "locked_by": null, "title": "Sit Down Startup Podcast", "draft_title": "Sit Down Startup Podcast", "slug": "sit-down-startup-podcast", "content_type": 46, "url_path": "/home/sit-down-startup-podcast/", "owner": 1, "seo_title": "", "show_in_menus": false, "search_description": "", "latest_revision_created_at": null, "alias_of": null, "carrousel_body": "<p data-block-key=\"t9wm7\">There&#x27;s a new podcast in town! Founders, CEOs, and makers chat with  leaders about their startup journeys. There’s rule-flipping, new dogma,  and recycling failure into growth. Plus, why customer experience is at  the heart of success, as told by people who know unpredictability inside  out. </p>", "carrousel_cta": "Listen now", "carousel_image_url": "https://zendeskforstartups.com/public/images/c9638a9f19b4495068f8229122249444.png", "wagtail_admin_comments": []}, "approved_go_live_at": null}}, {"model": "wagtailcore.revision", "pk": 4, "fields": {"content_type": 46, "base_content_type": 1, "object_id": "5", "submitted_for_moderation": false, "created_at": "2022-10-18T15:22:43.827Z", "user": 1, "object_str": "Sit Down Startup Podcast", "content": {"pk": 5, "path": "000100010002", "depth": 3, "numchild": 0, "translation_key": "9dc263f3-316a-494d-b978-529ab90b6176", "locale": 1, "latest_revision": 3, "live": false, "has_unpublished_changes": true, "first_published_at": null, "last_published_at": null, "live_revision": null, "go_live_at": null, "expire_at": null, "expired": false, "locked": false, "locked_at": null, "locked_by": null, "title": "Sit Down Startup Podcast", "draft_title": "Sit Down Startup Podcast", "slug": "sit-down-startup-podcast", "content_type": 46, "url_path": "/home/sit-down-startup-podcast/", "owner": 1, "seo_title": "", "show_in_menus": false, "search_description": "", "latest_revision_created_at": "2022-10-18T15:22:40.067Z", "alias_of": null, "carrousel_body": "<p data-block-key=\"t9wm7\">There&#x27;s a new podcast in town! Founders, CEOs, and makers chat with leaders about their startup journeys. There’s rule-flipping, new dogma, and recycling failure into growth. Plus, why customer experience is at the heart of success, as told by people who know unpredictability inside out.</p>", "carrousel_cta": "Listen now", "carousel_image_url": "https://zendeskforstartups.com/public/images/c9638a9f19b4495068f8229122249444.png", "wagtail_admin_comments": []}, "approved_go_live_at": null}}, {"model": "wagtailcore.revision", "pk": 5, "fields": {"content_type": 46, "base_content_type": 1, "object_id": "6", "submitted_for_moderation": false, "created_at": "2022-10-18T15:26:38.465Z", "user": 1, "object_str": "Startup CX Awards", "content": {"pk": 6, "path": "000100010003", "depth": 3, "numchild": 0, "translation_key": "51d52f80-be74-4a45-97b7-98b7fdbbfc9c", "locale": 1, "latest_revision": null, "live": false, "has_unpublished_changes": false, "first_published_at": null, "last_published_at": null, "live_revision": null, "go_live_at": null, "expire_at": null, "expired": false, "locked": false, "locked_at": null, "locked_by": null, "title": "Startup CX Awards", "draft_title": "Startup CX Awards", "slug": "startup-cx-awards", "content_type": 46, "url_path": "/home/startup-cx-awards/", "owner": 1, "seo_title": "", "show_in_menus": false, "search_description": "", "latest_revision_created_at": null, "alias_of": null, "carrousel_body": "<p data-block-key=\"6cugy\">Every year, we highlight the best and brightest at the Startup CX  Awards. Out of many nominations, our judges selected four winners across  four categories: Apps &amp; Integrations, Seamless CX, Innovation and  Data &amp; Insights. Watch the event on-demand to get a  behind-the-scenes look at CX from our four winners. </p>", "carrousel_cta": "Learn more", "carousel_image_url": "https://zendeskforstartups.com/public/images/dee8901b5f2c42b291866cf0112be95d.png", "wagtail_admin_comments": []}, "approved_go_live_at": null}}, {"model": "wagtailcore.revision", "pk": 6, "fields": {"content_type": 46, "base_content_type": 1, "object_id": "6", "submitted_for_moderation": false, "created_at": "2022-10-18T15:26:41.060Z", "user": 1, "object_str": "Startup CX Awards", "content": {"pk": 6, "path": "000100010003", "depth": 3, "numchild": 0, "translation_key": "51d52f80-be74-4a45-97b7-98b7fdbbfc9c", "locale": 1, "latest_revision": 5, "live": false, "has_unpublished_changes": true, "first_published_at": null, "last_published_at": null, "live_revision": null, "go_live_at": null, "expire_at": null, "expired": false, "locked": false, "locked_at": null, "locked_by": null, "title": "Startup CX Awards", "draft_title": "Startup CX Awards", "slug": "startup-cx-awards", "content_type": 46, "url_path": "/home/startup-cx-awards/", "owner": 1, "seo_title": "", "show_in_menus": false, "search_description": "", "latest_revision_created_at": "2022-10-18T15:26:38.465Z", "alias_of": null, "carrousel_body": "<p data-block-key=\"6cugy\">Every year, we highlight the best and brightest at the Startup CX Awards. Out of many nominations, our judges selected four winners across four categories: Apps &amp; Integrations, Seamless CX, Innovation and Data &amp; Insights. Watch the event on-demand to get a behind-the-scenes look at CX from our four winners.</p>", "carrousel_cta": "Learn more", "carousel_image_url": "https://zendeskforstartups.com/public/images/dee8901b5f2c42b291866cf0112be95d.png", "wagtail_admin_comments": []}, "approved_go_live_at": null}}, {"model": "wagtailcore.revision", "pk": 13, "fields": {"content_type": 46, "base_content_type": 1, "object_id": "6", "submitted_for_moderation": false, "created_at": "2022-10-18T16:04:52.314Z", "user": 1, "object_str": "Startup CX Awards", "content": {"pk": 6, "path": "000100010003", "depth": 3, "numchild": 0, "translation_key": "51d52f80-be74-4a45-97b7-98b7fdbbfc9c", "locale": 1, "latest_revision": 6, "live": true, "has_unpublished_changes": false, "first_published_at": "2022-10-18T15:26:41.126Z", "last_published_at": "2022-10-18T15:26:41.126Z", "live_revision": 6, "go_live_at": null, "expire_at": null, "expired": false, "locked": false, "locked_at": null, "locked_by": null, "title": "Startup CX Awards", "draft_title": "Startup CX Awards", "slug": "startup-cx-awards", "content_type": 46, "url_path": "/home/startup-cx-awards/", "owner": 1, "seo_title": "", "show_in_menus": false, "search_description": "", "latest_revision_created_at": "2022-10-18T15:26:41.060Z", "alias_of": null, "carrousel_body": "<p data-block-key=\"6cugy\">Every year, we highlight the best and brightest at the Startup CX Awards. Out of many nominations, our judges selected four winners across four categories: Apps &amp; Integrations, Seamless CX, Innovation and Data &amp; Insights. Watch the event on-demand to get a behind-the-scenes look at CX from our four winners.</p>", "carrousel_cta": "Learn more", "carousel_image_url": "https://zendeskforstartups.com/public/images/dee8901b5f2c42b291866cf0112be95d.png", "carousel_link": "https://zendeskforstartups.com/startup-cx-awards/finalists/", "wagtail_admin_comments": []}, "approved_go_live_at": null}}, {"model": "wagtailcore.revision", "pk": 14, "fields": {"content_type": 46, "base_content_type": 1, "object_id": "6", "submitted_for_moderation": false, "created_at": "2022-10-18T16:04:55.812Z", "user": 1, "object_str": "Startup CX Awards", "content": {"pk": 6, "path": "000100010003", "depth": 3, "numchild": 0, "translation_key": "51d52f80-be74-4a45-97b7-98b7fdbbfc9c", "locale": 1, "latest_revision": 13, "live": true, "has_unpublished_changes": true, "first_published_at": "2022-10-18T15:26:41.126Z", "last_published_at": "2022-10-18T15:26:41.126Z", "live_revision": 6, "go_live_at": null, "expire_at": null, "expired": false, "locked": false, "locked_at": null, "locked_by": null, "title": "Startup CX Awards", "draft_title": "Startup CX Awards", "slug": "startup-cx-awards", "content_type": 46, "url_path": "/home/startup-cx-awards/", "owner": 1, "seo_title": "", "show_in_menus": false, "search_description": "", "latest_revision_created_at": "2022-10-18T16:04:52.314Z", "alias_of": null, "carrousel_body": "<p data-block-key=\"6cugy\">Every year, we highlight the best and brightest at the Startup CX Awards. Out of many nominations, our judges selected four winners across four categories: Apps &amp; Integrations, Seamless CX, Innovation and Data &amp; Insights. Watch the event on-demand to get a behind-the-scenes look at CX from our four winners.</p>", "carrousel_cta": "Learn more", "carousel_image_url": "https://zendeskforstartups.com/public/images/dee8901b5f2c42b291866cf0112be95d.png", "carousel_link": "https://zendeskforstartups.com/startup-cx-awards/finalists/", "wagtail_admin_comments": []}, "approved_go_live_at": null}}, {"model": "wagtailcore.revision", "pk": 15, "fields": {"content_type": 46, "base_content_type": 1, "object_id": "5", "submitted_for_moderation": false, "created_at": "2022-10-18T16:05:18.678Z", "user": 1, "object_str": "Sit Down Startup Podcast", "content": {"pk": 5, "path": "000100010002", "depth": 3, "numchild": 0, "translation_key": "9dc263f3-316a-494d-b978-529ab90b6176", "locale": 1, "latest_revision": 4, "live": true, "has_unpublished_changes": false, "first_published_at": "2022-10-18T15:22:43.893Z", "last_published_at": "2022-10-18T15:22:43.893Z", "live_revision": 4, "go_live_at": null, "expire_at": null, "expired": false, "locked": false, "locked_at": null, "locked_by": null, "title": "Sit Down Startup Podcast", "draft_title": "Sit Down Startup Podcast", "slug": "sit-down-startup-podcast", "content_type": 46, "url_path": "/home/sit-down-startup-podcast/", "owner": 1, "seo_title": "", "show_in_menus": false, "search_description": "", "latest_revision_created_at": "2022-10-18T15:22:43.827Z", "alias_of": null, "carrousel_body": "<p data-block-key=\"t9wm7\">There&#x27;s a new podcast in town! Founders, CEOs, and makers chat with leaders about their startup journeys. There’s rule-flipping, new dogma, and recycling failure into growth. Plus, why customer experience is at the heart of success, as told by people who know unpredictability inside out.</p>", "carrousel_cta": "Listen now", "carousel_image_url": "https://zendeskforstartups.com/public/images/c9638a9f19b4495068f8229122249444.png", "carousel_link": "https://zendeskforstartups.com/startup-cx-awards/finalists/", "wagtail_admin_comments": []}, "approved_go_live_at": null}}, {"model": "wagtailcore.revision", "pk": 16, "fields": {"content_type": 46, "base_content_type": 1, "object_id": "5", "submitted_for_moderation": false, "created_at": "2022-10-18T16:05:21.670Z", "user": 1, "object_str": "Sit Down Startup Podcast", "content": {"pk": 5, "path": "000100010002", "depth": 3, "numchild": 0, "translation_key": "9dc263f3-316a-494d-b978-529ab90b6176", "locale": 1, "latest_revision": 15, "live": true, "has_unpublished_changes": true, "first_published_at": "2022-10-18T15:22:43.893Z", "last_published_at": "2022-10-18T15:22:43.893Z", "live_revision": 4, "go_live_at": null, "expire_at": null, "expired": false, "locked": false, "locked_at": null, "locked_by": null, "title": "Sit Down Startup Podcast", "draft_title": "Sit Down Startup Podcast", "slug": "sit-down-startup-podcast", "content_type": 46, "url_path": "/home/sit-down-startup-podcast/", "owner": 1, "seo_title": "", "show_in_menus": false, "search_description": "", "latest_revision_created_at": "2022-10-18T16:05:18.678Z", "alias_of": null, "carrousel_body": "<p data-block-key=\"t9wm7\">There&#x27;s a new podcast in town! Founders, CEOs, and makers chat with leaders about their startup journeys. There’s rule-flipping, new dogma, and recycling failure into growth. Plus, why customer experience is at the heart of success, as told by people who know unpredictability inside out.</p>", "carrousel_cta": "Listen now", "carousel_image_url": "https://zendeskforstartups.com/public/images/c9638a9f19b4495068f8229122249444.png", "carousel_link": "https://zendeskforstartups.com/startup-cx-awards/finalists/", "wagtail_admin_comments": []}, "approved_go_live_at": null}}, {"model": "wagtailcore.revision", "pk": 19, "fields": {"content_type": 49, "base_content_type": 1, "object_id": "8", "submitted_for_moderation": false, "created_at": "2022-10-18T22:56:45.515Z", "user": 1, "object_str": "Carrousel Section", "content": {"pk": 8, "path": "000100010005", "depth": 3, "numchild": 0, "translation_key": "257c4d60-922e-48ab-a404-af73344adf90", "locale": 1, "latest_revision": null, "live": false, "has_unpublished_changes": false, "first_published_at": null, "last_published_at": null, "live_revision": null, "go_live_at": null, "expire_at": null, "expired": false, "locked": false, "locked_at": null, "locked_by": null, "title": "Carrousel Section", "draft_title": "Carrousel Section", "slug": "carrousel-section", "content_type": 49, "url_path": "/home/carrousel-section/", "owner": 1, "seo_title": "", "show_in_menus": false, "search_description": "", "latest_revision_created_at": null, "alias_of": null, "wagtail_admin_comments": []}, "approved_go_live_at": null}}, {"model": "wagtailcore.revision", "pk": 20, "fields": {"content_type": 49, "base_content_type": 1, "object_id": "8", "submitted_for_moderation": false, "created_at": "2022-10-18T22:56:47.385Z", "user": 1, "object_str": "Carrousel Section", "content": {"pk": 8, "path": "000100010005", "depth": 3, "numchild": 0, "translation_key": "257c4d60-922e-48ab-a404-af73344adf90", "locale": 1, "latest_revision": 19, "live": false, "has_unpublished_changes": true, "first_published_at": null, "last_published_at": null, "live_revision": null, "go_live_at": null, "expire_at": null, "expired": false, "locked": false, "locked_at": null, "locked_by": null, "title": "Carrousel Section", "draft_title": "Carrousel Section", "slug": "carrousel-section", "content_type": 49, "url_path": "/home/carrousel-section/", "owner": 1, "seo_title": "", "show_in_menus": false, "search_description": "", "latest_revision_created_at": "2022-10-18T22:56:45.515Z", "alias_of": null, "wagtail_admin_comments": []}, "approved_go_live_at": null}}, {"model": "wagtailcore.revision", "pk": 21, "fields": {"content_type": 48, "base_content_type": 1, "object_id": "9", "submitted_for_moderation": false, "created_at": "2022-10-18T23:03:53.783Z", "user": 1, "object_str": "Card Section", "content": {"pk": 9, "path": "000100010006", "depth": 3, "numchild": 0, "translation_key": "39efadb1-6b1f-4d76-adde-95c63e350c30", "locale": 1, "latest_revision": null, "live": false, "has_unpublished_changes": false, "first_published_at": null, "last_published_at": null, "live_revision": null, "go_live_at": null, "expire_at": null, "expired": false, "locked": false, "locked_at": null, "locked_by": null, "title": "Card Section", "draft_title": "Card Section", "slug": "card-section", "content_type": 48, "url_path": "/home/card-section/", "owner": 1, "seo_title": "", "show_in_menus": false, "search_description": "", "latest_revision_created_at": null, "alias_of": null, "wagtail_admin_comments": []}, "approved_go_live_at": null}}, {"model": "wagtailcore.revision", "pk": 22, "fields": {"content_type": 48, "base_content_type": 1, "object_id": "9", "submitted_for_moderation": false, "created_at": "2022-10-18T23:03:57.675Z", "user": 1, "object_str": "Card Section", "content": {"pk": 9, "path": "000100010006", "depth": 3, "numchild": 0, "translation_key": "39efadb1-6b1f-4d76-adde-95c63e350c30", "locale": 1, "latest_revision": 21, "live": false, "has_unpublished_changes": true, "first_published_at": null, "last_published_at": null, "live_revision": null, "go_live_at": null, "expire_at": null, "expired": false, "locked": false, "locked_at": null, "locked_by": null, "title": "Card Section", "draft_title": "Card Section", "slug": "card-section", "content_type": 48, "url_path": "/home/card-section/", "owner": 1, "seo_title": "", "show_in_menus": false, "search_description": "", "latest_revision_created_at": "2022-10-18T23:03:53.783Z", "alias_of": null, "wagtail_admin_comments": []}, "approved_go_live_at": null}}, {"model": "wagtailcore.revision", "pk": 23, "fields": {"content_type": 47, "base_content_type": 1, "object_id": "10", "submitted_for_moderation": false, "created_at": "2022-10-18T23:06:17.063Z", "user": 1, "object_str": "Training", "content": {"pk": 10, "path": "0001000100060001", "depth": 4, "numchild": 0, "translation_key": "7ed7283f-5e44-42fb-8244-1767495e0769", "locale": 1, "latest_revision": null, "live": false, "has_unpublished_changes": false, "first_published_at": null, "last_published_at": null, "live_revision": null, "go_live_at": null, "expire_at": null, "expired": false, "locked": false, "locked_at": null, "locked_by": null, "title": "Training", "draft_title": "Training", "slug": "training", "content_type": 47, "url_path": "/home/card-section/training/", "owner": 1, "seo_title": "", "show_in_menus": false, "search_description": "", "latest_revision_created_at": null, "alias_of": null, "card_body": "<p data-block-key=\"7xex0\">The Customer Experience Academy takes you through a series of courses specifically designed to help you get up and running fast using Zendesk solutions. </p>", "card_cta": "Join the academy", "card_link": "https://support.zendesk.com/hc/en-us/articles/360055461833-Zendesk-CX-Academy", "card_image": 2, "wagtail_admin_comments": []}, "approved_go_live_at": null}}, {"model": "wagtailcore.revision", "pk": 24, "fields": {"content_type": 47, "base_content_type": 1, "object_id": "10", "submitted_for_moderation": false, "created_at": "2022-10-18T23:06:20.737Z", "user": 1, "object_str": "Training", "content": {"pk": 10, "path": "0001000100060001", "depth": 4, "numchild": 0, "translation_key": "7ed7283f-5e44-42fb-8244-1767495e0769", "locale": 1, "latest_revision": 23, "live": false, "has_unpublished_changes": true, "first_published_at": null, "last_published_at": null, "live_revision": null, "go_live_at": null, "expire_at": null, "expired": false, "locked": false, "locked_at": null, "locked_by": null, "title": "Training", "draft_title": "Training", "slug": "training", "content_type": 47, "url_path": "/home/card-section/training/", "owner": 1, "seo_title": "", "show_in_menus": false, "search_description": "", "latest_revision_created_at": "2022-10-18T23:06:17.063Z", "alias_of": null, "card_body": "<p data-block-key=\"7xex0\">The Customer Experience Academy takes you through a series of courses specifically designed to help you get up and running fast using Zendesk solutions.</p>", "card_cta": "Join the academy", "card_link": "https://support.zendesk.com/hc/en-us/articles/360055461833-Zendesk-CX-Academy", "card_image": 2, "wagtail_admin_comments": []}, "approved_go_live_at": null}}, {"model": "wagtailcore.revision", "pk": 25, "fields": {"content_type": 47, "base_content_type": 1, "object_id": "11", "submitted_for_moderation": false, "created_at": "2022-10-18T23:25:51.295Z", "user": 1, "object_str": "Office Hours", "content": {"pk": 11, "path": "0001000100060002", "depth": 4, "numchild": 0, "translation_key": "b04d2377-d494-4f4b-8ed2-35bb37463533", "locale": 1, "latest_revision": null, "live": false, "has_unpublished_changes": false, "first_published_at": null, "last_published_at": null, "live_revision": null, "go_live_at": null, "expire_at": null, "expired": false, "locked": false, "locked_at": null, "locked_by": null, "title": "Office Hours", "draft_title": "Office Hours", "slug": "office-hours", "content_type": 47, "url_path": "/home/card-section/office-hours/", "owner": 1, "seo_title": "", "show_in_menus": false, "search_description": "", "latest_revision_created_at": null, "alias_of": null, "card_body": "<p data-block-key=\"6jiy5\">Join weekly sessions to get your <b>questions</b> answered and learn the newest features on Zendesk products. They are hosted by Startups Success team at Zendesk. </p>", "card_cta": "Sign up for office hours", "card_link": "https://www.zendesk.com/campaign/office-hours/", "card_image": 3, "wagtail_admin_comments": []}, "approved_go_live_at": null}}, {"model": "wagtailcore.revision", "pk": 26, "fields": {"content_type": 47, "base_content_type": 1, "object_id": "11", "submitted_for_moderation": false, "created_at": "2022-10-18T23:25:55.480Z", "user": 1, "object_str": "Office Hours", "content": {"pk": 11, "path": "0001000100060002", "depth": 4, "numchild": 0, "translation_key": "b04d2377-d494-4f4b-8ed2-35bb37463533", "locale": 1, "latest_revision": 25, "live": false, "has_unpublished_changes": true, "first_published_at": null, "last_published_at": null, "live_revision": null, "go_live_at": null, "expire_at": null, "expired": false, "locked": false, "locked_at": null, "locked_by": null, "title": "Office Hours", "draft_title": "Office Hours", "slug": "office-hours", "content_type": 47, "url_path": "/home/card-section/office-hours/", "owner": 1, "seo_title": "", "show_in_menus": false, "search_description": "", "latest_revision_created_at": "2022-10-18T23:25:51.295Z", "alias_of": null, "card_body": "<p data-block-key=\"6jiy5\">Join weekly sessions to get your <b>questions</b> answered and learn the newest features on Zendesk products. They are hosted by Startups Success team at Zendesk.</p>", "card_cta": "Sign up for office hours", "card_link": "https://www.zendesk.com/campaign/office-hours/", "card_image": 3, "wagtail_admin_comments": []}, "approved_go_live_at": null}}, {"model": "wagtailcore.revision", "pk": 27, "fields": {"content_type": 45, "base_content_type": 1, "object_id": "4", "submitted_for_moderation": false, "created_at": "2022-10-19T14:24:29.205Z", "user": 1, "object_str": "hero", "content": {"pk": 4, "path": "000100010001", "depth": 3, "numchild": 0, "translation_key": "8e142121-b3a4-4d0f-86e9-f6dfb985d3ef", "locale": 1, "latest_revision": 2, "live": true, "has_unpublished_changes": false, "first_published_at": "2022-10-18T15:21:40.034Z", "last_published_at": "2022-10-18T15:21:40.034Z", "live_revision": 2, "go_live_at": null, "expire_at": null, "expired": false, "locked": false, "locked_at": null, "locked_by": null, "title": "hero", "draft_title": "hero", "slug": "hero", "content_type": 45, "url_path": "/home/hero/", "owner": 1, "seo_title": "", "show_in_menus": false, "search_description": "", "latest_revision_created_at": "2022-10-18T15:21:39.969Z", "alias_of": null, "hero_body": "<h1 data-block-key=\"ncam0\">Zendesk for Startups</h1><h2 data-block-key=\"3dt09\">Welcome to Startup Central</h2><p data-block-key=\"84ak2\">Your virtual hub connecting you with<br/>our community, product training and other startup resources.</p>", "hero_image": 4, "wagtail_admin_comments": []}, "approved_go_live_at": null}}, {"model": "wagtailcore.revision", "pk": 28, "fields": {"content_type": 45, "base_content_type": 1, "object_id": "4", "submitted_for_moderation": false, "created_at": "2022-10-19T14:24:31.576Z", "user": 1, "object_str": "hero", "content": {"pk": 4, "path": "000100010001", "depth": 3, "numchild": 0, "translation_key": "8e142121-b3a4-4d0f-86e9-f6dfb985d3ef", "locale": 1, "latest_revision": 27, "live": true, "has_unpublished_changes": true, "first_published_at": "2022-10-18T15:21:40.034Z", "last_published_at": "2022-10-18T15:21:40.034Z", "live_revision": 2, "go_live_at": null, "expire_at": null, "expired": false, "locked": false, "locked_at": null, "locked_by": null, "title": "hero", "draft_title": "hero", "slug": "hero", "content_type": 45, "url_path": "/home/hero/", "owner": 1, "seo_title": "", "show_in_menus": false, "search_description": "", "latest_revision_created_at": "2022-10-19T14:24:29.205Z", "alias_of": null, "hero_body": "<h1 data-block-key=\"ncam0\">Zendesk for Startups</h1><h2 data-block-key=\"3dt09\">Welcome to Startup Central</h2><p data-block-key=\"84ak2\">Your virtual hub connecting you with<br/>our community, product training and other startup resources.</p>", "hero_image": 4, "wagtail_admin_comments": []}, "approved_go_live_at": null}}, {"model": "wagtailcore.revision", "pk": 29, "fields": {"content_type": 45, "base_content_type": 1, "object_id": "4", "submitted_for_moderation": false, "created_at": "2022-10-19T14:24:48.344Z", "user": 1, "object_str": "hero", "content": {"pk": 4, "path": "000100010001", "depth": 3, "numchild": 0, "translation_key": "8e142121-b3a4-4d0f-86e9-f6dfb985d3ef", "locale": 1, "latest_revision": 28, "live": true, "has_unpublished_changes": false, "first_published_at": "2022-10-18T15:21:40.034Z", "last_published_at": "2022-10-19T14:24:31.639Z", "live_revision": 28, "go_live_at": null, "expire_at": null, "expired": false, "locked": false, "locked_at": null, "locked_by": null, "title": "hero", "draft_title": "hero", "slug": "hero", "content_type": 45, "url_path": "/home/hero/", "owner": 1, "seo_title": "", "show_in_menus": false, "search_description": "", "latest_revision_created_at": "2022-10-19T14:24:31.576Z", "alias_of": null, "hero_body": "<h1 data-block-key=\"ncam0\">Zendesk for Startups</h1><h2 data-block-key=\"3dt09\">Welcome to Startup Central</h2><p data-block-key=\"84ak2\">Your virtual hub connecting you with<br/>our community, product training and other startup resources.</p>", "hero_image": 1, "wagtail_admin_comments": []}, "approved_go_live_at": null}}, {"model": "wagtailcore.revision", "pk": 30, "fields": {"content_type": 45, "base_content_type": 1, "object_id": "4", "submitted_for_moderation": false, "created_at": "2022-10-19T14:24:50.769Z", "user": 1, "object_str": "hero", "content": {"pk": 4, "path": "000100010001", "depth": 3, "numchild": 0, "translation_key": "8e142121-b3a4-4d0f-86e9-f6dfb985d3ef", "locale": 1, "latest_revision": 29, "live": true, "has_unpublished_changes": true, "first_published_at": "2022-10-18T15:21:40.034Z", "last_published_at": "2022-10-19T14:24:31.639Z", "live_revision": 28, "go_live_at": null, "expire_at": null, "expired": false, "locked": false, "locked_at": null, "locked_by": null, "title": "hero", "draft_title": "hero", "slug": "hero", "content_type": 45, "url_path": "/home/hero/", "owner": 1, "seo_title": "", "show_in_menus": false, "search_description": "", "latest_revision_created_at": "2022-10-19T14:24:48.344Z", "alias_of": null, "hero_body": "<h1 data-block-key=\"ncam0\">Zendesk for Startups</h1><h2 data-block-key=\"3dt09\">Welcome to Startup Central</h2><p data-block-key=\"84ak2\">Your virtual hub connecting you with<br/>our community, product training and other startup resources.</p>", "hero_image": 1, "wagtail_admin_comments": []}, "approved_go_live_at": null}}, {"model": "wagtailcore.revision", "pk": 31, "fields": {"content_type": 45, "base_content_type": 1, "object_id": "4", "submitted_for_moderation": false, "created_at": "2022-10-19T14:54:52.466Z", "user": 1, "object_str": "hero", "content": {"pk": 4, "path": "000100010001", "depth": 3, "numchild": 0, "translation_key": "8e142121-b3a4-4d0f-86e9-f6dfb985d3ef", "locale": 1, "latest_revision": 30, "live": true, "has_unpublished_changes": false, "first_published_at": "2022-10-18T15:21:40.034Z", "last_published_at": "2022-10-19T14:24:50.829Z", "live_revision": 30, "go_live_at": null, "expire_at": null, "expired": false, "locked": false, "locked_at": null, "locked_by": null, "title": "hero", "draft_title": "hero", "slug": "hero", "content_type": 45, "url_path": "/home/hero/", "owner": 1, "seo_title": "", "show_in_menus": false, "search_description": "", "latest_revision_created_at": "2022-10-19T14:24:50.769Z", "alias_of": null, "hero_body": "<h1 data-block-key=\"ncam0\">Zendesk for Startups</h1><h2 data-block-key=\"3dt09\">Welcome to Startup Central</h2><p data-block-key=\"84ak2\">Your virtual hub connecting you with<br/>our community, product training and other startup resources.</p>", "hero_image": 4, "wagtail_admin_comments": []}, "approved_go_live_at": null}}, {"model": "wagtailcore.revision", "pk": 32, "fields": {"content_type": 45, "base_content_type": 1, "object_id": "4", "submitted_for_moderation": false, "created_at": "2022-10-19T14:54:59.668Z", "user": 1, "object_str": "hero", "content": {"pk": 4, "path": "000100010001", "depth": 3, "numchild": 0, "translation_key": "8e142121-b3a4-4d0f-86e9-f6dfb985d3ef", "locale": 1, "latest_revision": 31, "live": true, "has_unpublished_changes": true, "first_published_at": "2022-10-18T15:21:40.034Z", "last_published_at": "2022-10-19T14:24:50.829Z", "live_revision": 30, "go_live_at": null, "expire_at": null, "expired": false, "locked": false, "locked_at": null, "locked_by": null, "title": "hero", "draft_title": "hero", "slug": "hero", "content_type": 45, "url_path": "/home/hero/", "owner": 1, "seo_title": "", "show_in_menus": false, "search_description": "", "latest_revision_created_at": "2022-10-19T14:54:52.466Z", "alias_of": null, "hero_body": "<h1 data-block-key=\"ncam0\">Zendesk for Startups</h1><h2 data-block-key=\"3dt09\">Welcome to Startup Central</h2><p data-block-key=\"84ak2\">Your virtual hub connecting you with<br/>our community, product training and other startup resources.</p>", "hero_image": 4, "wagtail_admin_comments": []}, "approved_go_live_at": null}}, {"model": "wagtailcore.revision", "pk": 33, "fields": {"content_type": 45, "base_content_type": 1, "object_id": "4", "submitted_for_moderation": false, "created_at": "2022-10-19T14:55:42.898Z", "user": 1, "object_str": "hero", "content": {"pk": 4, "path": "000100010001", "depth": 3, "numchild": 0, "translation_key": "8e142121-b3a4-4d0f-86e9-f6dfb985d3ef", "locale": 1, "latest_revision": 32, "live": true, "has_unpublished_changes": false, "first_published_at": "2022-10-18T15:21:40.034Z", "last_published_at": "2022-10-19T14:54:59.753Z", "live_revision": 32, "go_live_at": null, "expire_at": null, "expired": false, "locked": false, "locked_at": null, "locked_by": null, "title": "hero", "draft_title": "hero", "slug": "hero", "content_type": 45, "url_path": "/home/hero/", "owner": 1, "seo_title": "", "show_in_menus": false, "search_description": "", "latest_revision_created_at": "2022-10-19T14:54:59.668Z", "alias_of": null, "hero_body": "<h1 data-block-key=\"ncam0\">Zendesk for Startups</h1><h2 data-block-key=\"3dt09\">Welcome to Juan pablo</h2><p data-block-key=\"84ak2\">Your virtual hub connecting you with<br/>our community, product training and other startup resources.</p><p data-block-key=\"2q4qb\">JAJAJAJAJA</p>", "hero_image": 4, "wagtail_admin_comments": []}, "approved_go_live_at": null}}, {"model": "wagtailcore.revision", "pk": 34, "fields": {"content_type": 45, "base_content_type": 1, "object_id": "4", "submitted_for_moderation": false, "created_at": "2022-10-19T14:55:45.163Z", "user": 1, "object_str": "hero", "content": {"pk": 4, "path": "000100010001", "depth": 3, "numchild": 0, "translation_key": "8e142121-b3a4-4d0f-86e9-f6dfb985d3ef", "locale": 1, "latest_revision": 33, "live": true, "has_unpublished_changes": true, "first_published_at": "2022-10-18T15:21:40.034Z", "last_published_at": "2022-10-19T14:54:59.753Z", "live_revision": 32, "go_live_at": null, "expire_at": null, "expired": false, "locked": false, "locked_at": null, "locked_by": null, "title": "hero", "draft_title": "hero", "slug": "hero", "content_type": 45, "url_path": "/home/hero/", "owner": 1, "seo_title": "", "show_in_menus": false, "search_description": "", "latest_revision_created_at": "2022-10-19T14:55:42.898Z", "alias_of": null, "hero_body": "<h1 data-block-key=\"ncam0\">Zendesk for Startups</h1><h2 data-block-key=\"3dt09\">Welcome to Juan pablo</h2><p data-block-key=\"84ak2\">Your virtual hub connecting you with<br/>our community, product training and other startup resources.</p><p data-block-key=\"2q4qb\">JAJAJAJAJA</p>", "hero_image": 4, "wagtail_admin_comments": []}, "approved_go_live_at": null}}, {"model": "wagtailcore.revision", "pk": 37, "fields": {"content_type": 47, "base_content_type": 1, "object_id": "13", "submitted_for_moderation": false, "created_at": "2022-10-19T14:58:24.263Z", "user": 1, "object_str": "FAQs", "content": {"pk": 13, "path": "0001000100060003", "depth": 4, "numchild": 0, "translation_key": "9194d99a-4859-478e-8e9c-30d526ee394c", "locale": 1, "latest_revision": null, "live": false, "has_unpublished_changes": false, "first_published_at": null, "last_published_at": null, "live_revision": null, "go_live_at": null, "expire_at": null, "expired": false, "locked": false, "locked_at": null, "locked_by": null, "title": "FAQs", "draft_title": "FAQs", "slug": "faqs", "content_type": 47, "url_path": "/home/card-section/faqs/", "owner": 1, "seo_title": "", "show_in_menus": false, "search_description": "", "latest_revision_created_at": null, "alias_of": null, "card_body": "<p data-block-key=\"49xgb\">If you just got approved for the Zendesk for Startup program, you will find how to activate your Zendesk free* for six months and other frequently most asked questions here.</p>", "card_cta": "Learn more", "card_link": "https://support.zendesk.com/hc/en-us/articles/360035191513-About-the-Zendesk-for-Startups-program", "card_image": 7, "wagtail_admin_comments": []}, "approved_go_live_at": null}}, {"model": "wagtailcore.revision", "pk": 38, "fields": {"content_type": 47, "base_content_type": 1, "object_id": "13", "submitted_for_moderation": false, "created_at": "2022-10-19T14:58:27.298Z", "user": 1, "object_str": "FAQs", "content": {"pk": 13, "path": "0001000100060003", "depth": 4, "numchild": 0, "translation_key": "9194d99a-4859-478e-8e9c-30d526ee394c", "locale": 1, "latest_revision": 37, "live": false, "has_unpublished_changes": true, "first_published_at": null, "last_published_at": null, "live_revision": null, "go_live_at": null, "expire_at": null, "expired": false, "locked": false, "locked_at": null, "locked_by": null, "title": "FAQs", "draft_title": "FAQs", "slug": "faqs", "content_type": 47, "url_path": "/home/card-section/faqs/", "owner": 1, "seo_title": "", "show_in_menus": false, "search_description": "", "latest_revision_created_at": "2022-10-19T14:58:24.263Z", "alias_of": null, "card_body": "<p data-block-key=\"49xgb\">If you just got approved for the Zendesk for Startup program, you will find how to activate your Zendesk free* for six months and other frequently most asked questions here.</p>", "card_cta": "Learn more", "card_link": "https://support.zendesk.com/hc/en-us/articles/360035191513-About-the-Zendesk-for-Startups-program", "card_image": 7, "wagtail_admin_comments": []}, "approved_go_live_at": null}}, {"model": "wagtailcore.revision", "pk": 43, "fields": {"content_type": 45, "base_content_type": 1, "object_id": "4", "submitted_for_moderation": false, "created_at": "2022-10-25T17:46:29.913Z", "user": 2, "object_str": "hero", "content": {"pk": 4, "path": "000100010001", "depth": 3, "numchild": 0, "translation_key": "8e142121-b3a4-4d0f-86e9-f6dfb985d3ef", "locale": 1, "latest_revision": 34, "live": true, "has_unpublished_changes": false, "first_published_at": "2022-10-18T15:21:40.034Z", "last_published_at": "2022-10-19T14:55:45.279Z", "live_revision": 34, "go_live_at": null, "expire_at": null, "expired": false, "locked": false, "locked_at": null, "locked_by": null, "title": "hero", "draft_title": "hero", "slug": "hero", "content_type": 45, "url_path": "/home/hero/", "owner": 1, "seo_title": "", "show_in_menus": false, "search_description": "", "latest_revision_created_at": "2022-10-19T14:55:45.163Z", "alias_of": null, "hero_body": "<h1 data-block-key=\"ncam0\">Zendesk for Startups</h1><h2 data-block-key=\"3dt09\">Welcome to Juan pablo</h2><p data-block-key=\"84ak2\">Your virtual hub connecting you with<br/>our community, product training and other startup resources.</p>", "hero_image": 1, "wagtail_admin_comments": []}, "approved_go_live_at": null}}, {"model": "wagtailcore.revision", "pk": 44, "fields": {"content_type": 45, "base_content_type": 1, "object_id": "4", "submitted_for_moderation": false, "created_at": "2022-10-25T17:46:32.725Z", "user": 2, "object_str": "hero", "content": {"pk": 4, "path": "000100010001", "depth": 3, "numchild": 0, "translation_key": "8e142121-b3a4-4d0f-86e9-f6dfb985d3ef", "locale": 1, "latest_revision": 43, "live": true, "has_unpublished_changes": true, "first_published_at": "2022-10-18T15:21:40.034Z", "last_published_at": "2022-10-19T14:55:45.279Z", "live_revision": 34, "go_live_at": null, "expire_at": null, "expired": false, "locked": false, "locked_at": null, "locked_by": null, "title": "hero", "draft_title": "hero", "slug": "hero", "content_type": 45, "url_path": "/home/hero/", "owner": 1, "seo_title": "", "show_in_menus": false, "search_description": "", "latest_revision_created_at": "2022-10-25T17:46:29.913Z", "alias_of": null, "hero_body": "<h1 data-block-key=\"ncam0\">Zendesk for Startups</h1><h2 data-block-key=\"3dt09\">Welcome to Juan pablo</h2><p data-block-key=\"84ak2\">Your virtual hub connecting you with<br/>our community, product training and other startup resources.</p>", "hero_image": 1, "wagtail_admin_comments": []}, "approved_go_live_at": null}}, {"model": "wagtailcore.revision", "pk": 47, "fields": {"content_type": 45, "base_content_type": 1, "object_id": "4", "submitted_for_moderation": false, "created_at": "2022-10-25T20:02:02.361Z", "user": 2, "object_str": "hero", "content": {"pk": 4, "path": "000100010001", "depth": 3, "numchild": 0, "translation_key": "8e142121-b3a4-4d0f-86e9-f6dfb985d3ef", "locale": 1, "latest_revision": 44, "live": true, "has_unpublished_changes": false, "first_published_at": "2022-10-18T15:21:40.034Z", "last_published_at": "2022-10-25T17:46:32.789Z", "live_revision": 44, "go_live_at": null, "expire_at": null, "expired": false, "locked": false, "locked_at": null, "locked_by": null, "title": "hero", "draft_title": "hero", "slug": "hero", "content_type": 45, "url_path": "/home/hero/", "owner": 1, "seo_title": "", "show_in_menus": false, "search_description": "", "latest_revision_created_at": "2022-10-25T17:46:32.725Z", "alias_of": null, "hero_body": "<h1 data-block-key=\"ncam0\">Zendesk for Startups</h1><h2 data-block-key=\"25s2q\"><b>Welcome to </b></h2><h2 data-block-key=\"7jete\"><b>Startup Central</b></h2><p data-block-key=\"84ak2\">Your virtual hub connecting you with<br/>our community, product training and other startup resources.</p>", "hero_image": 1, "wagtail_admin_comments": []}, "approved_go_live_at": null}}, {"model": "wagtailcore.revision", "pk": 48, "fields": {"content_type": 45, "base_content_type": 1, "object_id": "4", "submitted_for_moderation": false, "created_at": "2022-10-25T20:02:04.441Z", "user": 2, "object_str": "hero", "content": {"pk": 4, "path": "000100010001", "depth": 3, "numchild": 0, "translation_key": "8e142121-b3a4-4d0f-86e9-f6dfb985d3ef", "locale": 1, "latest_revision": 47, "live": true, "has_unpublished_changes": true, "first_published_at": "2022-10-18T15:21:40.034Z", "last_published_at": "2022-10-25T17:46:32.789Z", "live_revision": 44, "go_live_at": null, "expire_at": null, "expired": false, "locked": false, "locked_at": null, "locked_by": null, "title": "hero", "draft_title": "hero", "slug": "hero", "content_type": 45, "url_path": "/home/hero/", "owner": 1, "seo_title": "", "show_in_menus": false, "search_description": "", "latest_revision_created_at": "2022-10-25T20:02:02.361Z", "alias_of": null, "hero_body": "<h1 data-block-key=\"ncam0\">Zendesk for Startups</h1><h2 data-block-key=\"25s2q\"><b>Welcome to</b></h2><h2 data-block-key=\"7jete\"><b>Startup Central</b></h2><p data-block-key=\"84ak2\">Your virtual hub connecting you with<br/>our community, product training and other startup resources.</p>", "hero_image": 1, "wagtail_admin_comments": []}, "approved_go_live_at": null}}, {"model": "wagtailcore.revision", "pk": 49, "fields": {"content_type": 45, "base_content_type": 1, "object_id": "4", "submitted_for_moderation": false, "created_at": "2022-10-25T20:02:27.458Z", "user": 2, "object_str": "hero", "content": {"pk": 4, "path": "000100010001", "depth": 3, "numchild": 0, "translation_key": "8e142121-b3a4-4d0f-86e9-f6dfb985d3ef", "locale": 1, "latest_revision": 48, "live": true, "has_unpublished_changes": false, "first_published_at": "2022-10-18T15:21:40.034Z", "last_published_at": "2022-10-25T20:02:04.518Z", "live_revision": 48, "go_live_at": null, "expire_at": null, "expired": false, "locked": false, "locked_at": null, "locked_by": null, "title": "hero", "draft_title": "hero", "slug": "hero", "content_type": 45, "url_path": "/home/hero/", "owner": 1, "seo_title": "", "show_in_menus": false, "search_description": "", "latest_revision_created_at": "2022-10-25T20:02:04.441Z", "alias_of": null, "hero_body": "<h1 data-block-key=\"ncam0\">Zendesk for Startups</h1><h2 data-block-key=\"25s2q\"><b>Welcome to<br/>Startup Central</b></h2><p data-block-key=\"84ak2\">Your virtual hub connecting you with<br/>our community, product training and other startup resources.</p>", "hero_image": 1, "wagtail_admin_comments": []}, "approved_go_live_at": null}}, {"model": "wagtailcore.revision", "pk": 50, "fields": {"content_type": 45, "base_content_type": 1, "object_id": "4", "submitted_for_moderation": false, "created_at": "2022-10-25T20:02:29.857Z", "user": 2, "object_str": "hero", "content": {"pk": 4, "path": "000100010001", "depth": 3, "numchild": 0, "translation_key": "8e142121-b3a4-4d0f-86e9-f6dfb985d3ef", "locale": 1, "latest_revision": 49, "live": true, "has_unpublished_changes": true, "first_published_at": "2022-10-18T15:21:40.034Z", "last_published_at": "2022-10-25T20:02:04.518Z", "live_revision": 48, "go_live_at": null, "expire_at": null, "expired": false, "locked": false, "locked_at": null, "locked_by": null, "title": "hero", "draft_title": "hero", "slug": "hero", "content_type": 45, "url_path": "/home/hero/", "owner": 1, "seo_title": "", "show_in_menus": false, "search_description": "", "latest_revision_created_at": "2022-10-25T20:02:27.458Z", "alias_of": null, "hero_body": "<h1 data-block-key=\"ncam0\">Zendesk for Startups</h1><h2 data-block-key=\"25s2q\"><b>Welcome to<br/>Startup Central</b></h2><p data-block-key=\"84ak2\">Your virtual hub connecting you with<br/>our community, product training and other startup resources.</p>", "hero_image": 1, "wagtail_admin_comments": []}, "approved_go_live_at": null}}, {"model": "wagtailcore.revision", "pk": 55, "fields": {"content_type": 45, "base_content_type": 1, "object_id": "4", "submitted_for_moderation": false, "created_at": "2022-11-01T14:04:49.843Z", "user": 1, "object_str": "hero", "content": {"pk": 4, "path": "000100010001", "depth": 3, "numchild": 0, "translation_key": "8e142121-b3a4-4d0f-86e9-f6dfb985d3ef", "locale": 1, "latest_revision": 50, "live": true, "has_unpublished_changes": false, "first_published_at": "2022-10-18T15:21:40.034Z", "last_published_at": "2022-10-25T20:02:29.930Z", "live_revision": 50, "go_live_at": null, "expire_at": null, "expired": false, "locked": false, "locked_at": null, "locked_by": null, "title": "hero", "draft_title": "hero", "slug": "hero", "content_type": 45, "url_path": "/home/hero/", "owner": 1, "seo_title": "", "show_in_menus": false, "search_description": "", "latest_revision_created_at": "2022-10-25T20:02:29.857Z", "alias_of": null, "hero_body": "<h1 data-block-key=\"ncam0\">ZENDESK FOR EDUCATION</h1><h2 data-block-key=\"aech8\">Show up for students and staff</h2><p data-block-key=\"eifg0\">Education is rapidly evolving and schools worldwide need to adapt to today’s digital climate. Providing students with the best education comes first, but budget cuts and rising expectations are a lot to balance at once. At Zendesk, we provide schools—big and small—with the right solution to support students, parents, and faculty under any circumstance.</p>", "hero_image": 1, "wagtail_admin_comments": []}, "approved_go_live_at": null}}, {"model": "wagtailcore.revision", "pk": 56, "fields": {"content_type": 45, "base_content_type": 1, "object_id": "4", "submitted_for_moderation": false, "created_at": "2022-11-01T14:04:58.848Z", "user": 1, "object_str": "hero", "content": {"pk": 4, "path": "000100010001", "depth": 3, "numchild": 0, "translation_key": "8e142121-b3a4-4d0f-86e9-f6dfb985d3ef", "locale": 1, "latest_revision": 55, "live": true, "has_unpublished_changes": true, "first_published_at": "2022-10-18T15:21:40.034Z", "last_published_at": "2022-10-25T20:02:29.930Z", "live_revision": 50, "go_live_at": null, "expire_at": null, "expired": false, "locked": false, "locked_at": null, "locked_by": null, "title": "hero", "draft_title": "hero", "slug": "hero", "content_type": 45, "url_path": "/home/hero/", "owner": 1, "seo_title": "", "show_in_menus": false, "search_description": "", "latest_revision_created_at": "2022-11-01T14:04:49.843Z", "alias_of": null, "hero_body": "<h1 data-block-key=\"ncam0\">ZENDESK FOR EDUCATION</h1><h2 data-block-key=\"aech8\">Show up for students and staff</h2><p data-block-key=\"eifg0\">Education is rapidly evolving and schools worldwide need to adapt to today’s digital climate. Providing students with the best education comes first, but budget cuts and rising expectations are a lot to balance at once. At Zendesk, we provide schools—big and small—with the right solution to support students, parents, and faculty under any circumstance.</p>", "hero_image": 1, "wagtail_admin_comments": []}, "approved_go_live_at": null}}, {"model": "wagtailcore.revision", "pk": 57, "fields": {"content_type": 45, "base_content_type": 1, "object_id": "4", "submitted_for_moderation": false, "created_at": "2022-11-01T14:05:00.985Z", "user": 1, "object_str": "hero", "content": {"pk": 4, "path": "000100010001", "depth": 3, "numchild": 0, "translation_key": "8e142121-b3a4-4d0f-86e9-f6dfb985d3ef", "locale": 1, "latest_revision": 56, "live": true, "has_unpublished_changes": true, "first_published_at": "2022-10-18T15:21:40.034Z", "last_published_at": "2022-10-25T20:02:29.930Z", "live_revision": 50, "go_live_at": null, "expire_at": null, "expired": false, "locked": false, "locked_at": null, "locked_by": null, "title": "hero", "draft_title": "hero", "slug": "hero", "content_type": 45, "url_path": "/home/hero/", "owner": 1, "seo_title": "", "show_in_menus": false, "search_description": "", "latest_revision_created_at": "2022-11-01T14:04:58.848Z", "alias_of": null, "hero_body": "<h1 data-block-key=\"ncam0\">ZENDESK FOR EDUCATION</h1><h2 data-block-key=\"aech8\">Show up for students and staff</h2><p data-block-key=\"eifg0\">Education is rapidly evolving and schools worldwide need to adapt to today’s digital climate. Providing students with the best education comes first, but budget cuts and rising expectations are a lot to balance at once. At Zendesk, we provide schools—big and small—with the right solution to support students, parents, and faculty under any circumstance.</p>", "hero_image": 1, "wagtail_admin_comments": []}, "approved_go_live_at": null}}, {"model": "wagtailcore.revision", "pk": 58, "fields": {"content_type": 45, "base_content_type": 1, "object_id": "4", "submitted_for_moderation": false, "created_at": "2022-11-01T14:05:36.491Z", "user": 1, "object_str": "hero", "content": {"pk": 4, "path": "000100010001", "depth": 3, "numchild": 0, "translation_key": "8e142121-b3a4-4d0f-86e9-f6dfb985d3ef", "locale": 1, "latest_revision": 57, "live": true, "has_unpublished_changes": false, "first_published_at": "2022-10-18T15:21:40.034Z", "last_published_at": "2022-11-01T14:05:01.062Z", "live_revision": 57, "go_live_at": null, "expire_at": null, "expired": false, "locked": false, "locked_at": null, "locked_by": null, "title": "hero", "draft_title": "hero", "slug": "hero", "content_type": 45, "url_path": "/home/hero/", "owner": 1, "seo_title": "", "show_in_menus": false, "search_description": "", "latest_revision_created_at": "2022-11-01T14:05:00.985Z", "alias_of": null, "hero_body": "<h1 data-block-key=\"ncam0\">ZENDESK FOR EDUCATION</h1><h2 data-block-key=\"aech8\">Show up for students and <br/>staff</h2><p data-block-key=\"eifg0\">Education is rapidly evolving and schools worldwide need to adapt to today’s digital climate. Providing students with the best education comes first, but budget cuts and rising expectations are a lot to balance at once. At Zendesk, we provide schools—big and small—with the right solution to support students, parents, and faculty under any circumstance.</p>", "hero_image": 1, "wagtail_admin_comments": []}, "approved_go_live_at": null}}, {"model": "wagtailcore.revision", "pk": 59, "fields": {"content_type": 45, "base_content_type": 1, "object_id": "4", "submitted_for_moderation": false, "created_at": "2022-11-01T14:05:39.010Z", "user": 1, "object_str": "hero", "content": {"pk": 4, "path": "000100010001", "depth": 3, "numchild": 0, "translation_key": "8e142121-b3a4-4d0f-86e9-f6dfb985d3ef", "locale": 1, "latest_revision": 58, "live": true, "has_unpublished_changes": true, "first_published_at": "2022-10-18T15:21:40.034Z", "last_published_at": "2022-11-01T14:05:01.062Z", "live_revision": 57, "go_live_at": null, "expire_at": null, "expired": false, "locked": false, "locked_at": null, "locked_by": null, "title": "hero", "draft_title": "hero", "slug": "hero", "content_type": 45, "url_path": "/home/hero/", "owner": 1, "seo_title": "", "show_in_menus": false, "search_description": "", "latest_revision_created_at": "2022-11-01T14:05:36.491Z", "alias_of": null, "hero_body": "<h1 data-block-key=\"ncam0\">ZENDESK FOR EDUCATION</h1><h2 data-block-key=\"aech8\">Show up for students and<br/> staff</h2><p data-block-key=\"eifg0\">Education is rapidly evolving and schools worldwide need to adapt to today’s digital climate. Providing students with the best education comes first, but budget cuts and rising expectations are a lot to balance at once. At Zendesk, we provide schools—big and small—with the right solution to support students, parents, and faculty under any circumstance.</p>", "hero_image": 1, "wagtail_admin_comments": []}, "approved_go_live_at": null}}, {"model": "wagtailcore.revision", "pk": 60, "fields": {"content_type": 45, "base_content_type": 1, "object_id": "4", "submitted_for_moderation": false, "created_at": "2022-11-01T14:08:59.818Z", "user": 1, "object_str": "hero", "content": {"pk": 4, "path": "000100010001", "depth": 3, "numchild": 0, "translation_key": "8e142121-b3a4-4d0f-86e9-f6dfb985d3ef", "locale": 1, "latest_revision": 59, "live": true, "has_unpublished_changes": false, "first_published_at": "2022-10-18T15:21:40.034Z", "last_published_at": "2022-11-01T14:05:39.071Z", "live_revision": 59, "go_live_at": null, "expire_at": null, "expired": false, "locked": false, "locked_at": null, "locked_by": null, "title": "hero", "draft_title": "hero", "slug": "hero", "content_type": 45, "url_path": "/home/hero/", "owner": 1, "seo_title": "", "show_in_menus": false, "search_description": "", "latest_revision_created_at": "2022-11-01T14:05:39.010Z", "alias_of": null, "hero_body": "<h1 data-block-key=\"ncam0\">ZENDESK FOR EDUCATION</h1><h2 data-block-key=\"aech8\">Show up for students and<br/> staff</h2><p data-block-key=\"eifg0\">Education is rapidly evolving and schools worldwide need to adapt to today’s digital climate. Providing students with the best education comes first, but budget cuts and rising expectations are a lot to balance at once.</p>", "hero_image": 1, "wagtail_admin_comments": []}, "approved_go_live_at": null}}, {"model": "wagtailcore.revision", "pk": 61, "fields": {"content_type": 45, "base_content_type": 1, "object_id": "4", "submitted_for_moderation": false, "created_at": "2022-11-01T14:09:05.081Z", "user": 1, "object_str": "hero", "content": {"pk": 4, "path": "000100010001", "depth": 3, "numchild": 0, "translation_key": "8e142121-b3a4-4d0f-86e9-f6dfb985d3ef", "locale": 1, "latest_revision": 60, "live": true, "has_unpublished_changes": true, "first_published_at": "2022-10-18T15:21:40.034Z", "last_published_at": "2022-11-01T14:05:39.071Z", "live_revision": 59, "go_live_at": null, "expire_at": null, "expired": false, "locked": false, "locked_at": null, "locked_by": null, "title": "hero", "draft_title": "hero", "slug": "hero", "content_type": 45, "url_path": "/home/hero/", "owner": 1, "seo_title": "", "show_in_menus": false, "search_description": "", "latest_revision_created_at": "2022-11-01T14:08:59.818Z", "alias_of": null, "hero_body": "<h1 data-block-key=\"ncam0\">ZENDESK FOR EDUCATION</h1><h2 data-block-key=\"aech8\">Show up for students and staff</h2><p data-block-key=\"eifg0\">Education is rapidly evolving and schools worldwide need to adapt to today’s digital climate. Providing students with the best education comes first, but budget cuts and rising expectations are a lot to balance at once.</p>", "hero_image": 1, "wagtail_admin_comments": []}, "approved_go_live_at": null}}, {"model": "wagtailcore.revision", "pk": 62, "fields": {"content_type": 45, "base_content_type": 1, "object_id": "4", "submitted_for_moderation": false, "created_at": "2022-11-01T14:09:07.013Z", "user": 1, "object_str": "hero", "content": {"pk": 4, "path": "000100010001", "depth": 3, "numchild": 0, "translation_key": "8e142121-b3a4-4d0f-86e9-f6dfb985d3ef", "locale": 1, "latest_revision": 61, "live": true, "has_unpublished_changes": true, "first_published_at": "2022-10-18T15:21:40.034Z", "last_published_at": "2022-11-01T14:05:39.071Z", "live_revision": 59, "go_live_at": null, "expire_at": null, "expired": false, "locked": false, "locked_at": null, "locked_by": null, "title": "hero", "draft_title": "hero", "slug": "hero", "content_type": 45, "url_path": "/home/hero/", "owner": 1, "seo_title": "", "show_in_menus": false, "search_description": "", "latest_revision_created_at": "2022-11-01T14:09:05.081Z", "alias_of": null, "hero_body": "<h1 data-block-key=\"ncam0\">ZENDESK FOR EDUCATION</h1><h2 data-block-key=\"aech8\">Show up for students and staff</h2><p data-block-key=\"eifg0\">Education is rapidly evolving and schools worldwide need to adapt to today’s digital climate. Providing students with the best education comes first, but budget cuts and rising expectations are a lot to balance at once.</p>", "hero_image": 1, "wagtail_admin_comments": []}, "approved_go_live_at": null}}, {"model": "wagtailcore.revision", "pk": 63, "fields": {"content_type": 45, "base_content_type": 1, "object_id": "4", "submitted_for_moderation": false, "created_at": "2022-11-01T15:56:58.706Z", "user": 2, "object_str": "hero", "content": {"pk": 4, "path": "000100010001", "depth": 3, "numchild": 0, "translation_key": "8e142121-b3a4-4d0f-86e9-f6dfb985d3ef", "locale": 1, "latest_revision": 62, "live": true, "has_unpublished_changes": false, "first_published_at": "2022-10-18T15:21:40.034Z", "last_published_at": "2022-11-01T14:09:07.073Z", "live_revision": 62, "go_live_at": null, "expire_at": null, "expired": false, "locked": false, "locked_at": null, "locked_by": null, "title": "hero", "draft_title": "hero", "slug": "hero", "content_type": 45, "url_path": "/home/hero/", "owner": 1, "seo_title": "", "show_in_menus": false, "search_description": "", "latest_revision_created_at": "2022-11-01T14:09:07.013Z", "alias_of": null, "hero_body": "<h1 data-block-key=\"ncam0\">Zendesk for Startups</h1><h2 data-block-key=\"gh3k\">Welcome toStartup Central</h2><p data-block-key=\"96ddj\">Your virtual hub connecting you with</p><p data-block-key=\"8fmbu\">our community, product training and other startup resources.</p>", "hero_image": 1, "wagtail_admin_comments": []}, "approved_go_live_at": null}}, {"model": "wagtailcore.revision", "pk": 64, "fields": {"content_type": 45, "base_content_type": 1, "object_id": "4", "submitted_for_moderation": false, "created_at": "2022-11-01T15:57:00.983Z", "user": 2, "object_str": "hero", "content": {"pk": 4, "path": "000100010001", "depth": 3, "numchild": 0, "translation_key": "8e142121-b3a4-4d0f-86e9-f6dfb985d3ef", "locale": 1, "latest_revision": 63, "live": true, "has_unpublished_changes": true, "first_published_at": "2022-10-18T15:21:40.034Z", "last_published_at": "2022-11-01T14:09:07.073Z", "live_revision": 62, "go_live_at": null, "expire_at": null, "expired": false, "locked": false, "locked_at": null, "locked_by": null, "title": "hero", "draft_title": "hero", "slug": "hero", "content_type": 45, "url_path": "/home/hero/", "owner": 1, "seo_title": "", "show_in_menus": false, "search_description": "", "latest_revision_created_at": "2022-11-01T15:56:58.706Z", "alias_of": null, "hero_body": "<h1 data-block-key=\"ncam0\">Zendesk for Startups</h1><h2 data-block-key=\"gh3k\">Welcome toStartup Central</h2><p data-block-key=\"96ddj\">Your virtual hub connecting you with</p><p data-block-key=\"8fmbu\">our community, product training and other startup resources.</p>", "hero_image": 1, "wagtail_admin_comments": []}, "approved_go_live_at": null}}, {"model": "wagtailcore.revision", "pk": 65, "fields": {"content_type": 45, "base_content_type": 1, "object_id": "4", "submitted_for_moderation": false, "created_at": "2022-11-01T15:57:37.020Z", "user": 2, "object_str": "hero", "content": {"pk": 4, "path": "000100010001", "depth": 3, "numchild": 0, "translation_key": "8e142121-b3a4-4d0f-86e9-f6dfb985d3ef", "locale": 1, "latest_revision": 64, "live": true, "has_unpublished_changes": false, "first_published_at": "2022-10-18T15:21:40.034Z", "last_published_at": "2022-11-01T15:57:01.043Z", "live_revision": 64, "go_live_at": null, "expire_at": null, "expired": false, "locked": false, "locked_at": null, "locked_by": null, "title": "hero", "draft_title": "hero", "slug": "hero", "content_type": 45, "url_path": "/home/hero/", "owner": 1, "seo_title": "", "show_in_menus": false, "search_description": "", "latest_revision_created_at": "2022-11-01T15:57:00.983Z", "alias_of": null, "hero_body": "<h1 data-block-key=\"ncam0\">Zendesk for Startups</h1><h2 data-block-key=\"gh3k\">Welcome toStartup Central</h2><p data-block-key=\"96ddj\">Your virtual hub connecting you with</p><p data-block-key=\"8fmbu\">our community, product training and other startup resources. JAJAJAJAJAJA</p>", "hero_image": 1, "wagtail_admin_comments": []}, "approved_go_live_at": null}}, {"model": "wagtailcore.revision", "pk": 66, "fields": {"content_type": 45, "base_content_type": 1, "object_id": "4", "submitted_for_moderation": false, "created_at": "2022-11-01T15:58:19.952Z", "user": 1, "object_str": "hero", "content": {"pk": 4, "path": "000100010001", "depth": 3, "numchild": 0, "translation_key": "8e142121-b3a4-4d0f-86e9-f6dfb985d3ef", "locale": 1, "latest_revision": 65, "live": true, "has_unpublished_changes": true, "first_published_at": "2022-10-18T15:21:40.034Z", "last_published_at": "2022-11-01T15:57:01.043Z", "live_revision": 64, "go_live_at": null, "expire_at": null, "expired": false, "locked": false, "locked_at": null, "locked_by": null, "title": "hero", "draft_title": "hero", "slug": "hero", "content_type": 45, "url_path": "/home/hero/", "owner": 1, "seo_title": "", "show_in_menus": false, "search_description": "", "latest_revision_created_at": "2022-11-01T15:57:37.020Z", "alias_of": null, "hero_body": "<h1 data-block-key=\"ncam0\">Zendesk for Startups</h1><h2 data-block-key=\"gh3k\">Welcome toStartup Central</h2><p data-block-key=\"96ddj\">Your virtual hub connecting you with</p><p data-block-key=\"8fmbu\">our community, product training and other startup resources. JAJAJAJAJAJA</p>", "hero_image": 1, "wagtail_admin_comments": []}, "approved_go_live_at": null}}, {"model": "wagtailcore.revision", "pk": 67, "fields": {"content_type": 45, "base_content_type": 1, "object_id": "4", "submitted_for_moderation": false, "created_at": "2022-11-01T15:59:39.027Z", "user": 2, "object_str": "hero", "content": {"pk": 4, "path": "000100010001", "depth": 3, "numchild": 0, "translation_key": "8e142121-b3a4-4d0f-86e9-f6dfb985d3ef", "locale": 1, "latest_revision": 66, "live": true, "has_unpublished_changes": false, "first_published_at": "2022-10-18T15:21:40.034Z", "last_published_at": "2022-11-01T15:58:20.012Z", "live_revision": 66, "go_live_at": null, "expire_at": null, "expired": false, "locked": false, "locked_at": null, "locked_by": null, "title": "hero", "draft_title": "hero", "slug": "hero", "content_type": 45, "url_path": "/home/hero/", "owner": 1, "seo_title": "", "show_in_menus": false, "search_description": "", "latest_revision_created_at": "2022-11-01T15:58:19.952Z", "alias_of": null, "hero_body": "<h1 data-block-key=\"ncam0\">Zendesk for Startups</h1><h2 data-block-key=\"gh3k\">Welcome toStartup Central</h2><p data-block-key=\"96ddj\">Your virtual hub connecting you with</p><p data-block-key=\"8fmbu\">our community, product training and other startup resources.</p>", "hero_image": 1, "wagtail_admin_comments": []}, "approved_go_live_at": null}}, {"model": "wagtailcore.revision", "pk": 68, "fields": {"content_type": 45, "base_content_type": 1, "object_id": "4", "submitted_for_moderation": false, "created_at": "2022-11-01T15:59:58.000Z", "user": 2, "object_str": "hero", "content": {"pk": 4, "path": "000100010001", "depth": 3, "numchild": 0, "translation_key": "8e142121-b3a4-4d0f-86e9-f6dfb985d3ef", "locale": 1, "latest_revision": 67, "live": true, "has_unpublished_changes": true, "first_published_at": "2022-10-18T15:21:40.034Z", "last_published_at": "2022-11-01T15:58:20.012Z", "live_revision": 66, "go_live_at": null, "expire_at": null, "expired": false, "locked": false, "locked_at": null, "locked_by": null, "title": "hero", "draft_title": "hero", "slug": "hero", "content_type": 45, "url_path": "/home/hero/", "owner": 1, "seo_title": "", "show_in_menus": false, "search_description": "", "latest_revision_created_at": "2022-11-01T15:59:39.027Z", "alias_of": null, "hero_body": "<h1 data-block-key=\"ncam0\">Zendesk for Startups</h1><h2 data-block-key=\"gh3k\">Welcome toStartup Central</h2><p data-block-key=\"96ddj\">Your virtual hub connecting you with</p><p data-block-key=\"8fmbu\">our community, product training and other startup resources.</p>", "hero_image": 1, "wagtail_admin_comments": []}, "approved_go_live_at": null}}, {"model": "wagtailcore.revision", "pk": 69, "fields": {"content_type": 45, "base_content_type": 1, "object_id": "4", "submitted_for_moderation": false, "created_at": "2022-11-01T16:00:06.705Z", "user": 2, "object_str": "hero", "content": {"pk": 4, "path": "000100010001", "depth": 3, "numchild": 0, "translation_key": "8e142121-b3a4-4d0f-86e9-f6dfb985d3ef", "locale": 1, "latest_revision": 68, "live": true, "has_unpublished_changes": true, "first_published_at": "2022-10-18T15:21:40.034Z", "last_published_at": "2022-11-01T15:58:20.012Z", "live_revision": 66, "go_live_at": null, "expire_at": null, "expired": false, "locked": false, "locked_at": null, "locked_by": null, "title": "hero", "draft_title": "hero", "slug": "hero", "content_type": 45, "url_path": "/home/hero/", "owner": 1, "seo_title": "", "show_in_menus": false, "search_description": "", "latest_revision_created_at": "2022-11-01T15:59:58.000Z", "alias_of": null, "hero_body": "<h1 data-block-key=\"ncam0\">Zendesk for Startups</h1><h2 data-block-key=\"gh3k\">Welcome toStartup Central</h2><p data-block-key=\"96ddj\">Your virtual hub connecting you with</p><p data-block-key=\"8fmbu\">our community, product training and other startup resources.</p>", "hero_image": 4, "wagtail_admin_comments": []}, "approved_go_live_at": null}}, {"model": "wagtailcore.revision", "pk": 70, "fields": {"content_type": 45, "base_content_type": 1, "object_id": "4", "submitted_for_moderation": false, "created_at": "2022-11-01T16:00:19.661Z", "user": 1, "object_str": "hero", "content": {"pk": 4, "path": "000100010001", "depth": 3, "numchild": 0, "translation_key": "8e142121-b3a4-4d0f-86e9-f6dfb985d3ef", "locale": 1, "latest_revision": 69, "live": true, "has_unpublished_changes": true, "first_published_at": "2022-10-18T15:21:40.034Z", "last_published_at": "2022-11-01T15:58:20.012Z", "live_revision": 66, "go_live_at": null, "expire_at": null, "expired": false, "locked": false, "locked_at": null, "locked_by": null, "title": "hero", "draft_title": "hero", "slug": "hero", "content_type": 45, "url_path": "/home/hero/", "owner": 1, "seo_title": "", "show_in_menus": false, "search_description": "", "latest_revision_created_at": "2022-11-01T16:00:06.705Z", "alias_of": null, "hero_body": "<h1 data-block-key=\"ncam0\">Zendesk for Startups</h1><h2 data-block-key=\"gh3k\">Welcome toStartup Central</h2><p data-block-key=\"96ddj\">Your virtual hub connecting you with</p><p data-block-key=\"8fmbu\">our community, product training and other startup resources.</p>", "hero_image": 4, "wagtail_admin_comments": []}, "approved_go_live_at": null}}, {"model": "wagtailcore.revision", "pk": 71, "fields": {"content_type": 45, "base_content_type": 1, "object_id": "4", "submitted_for_moderation": false, "created_at": "2022-11-01T16:22:07.454Z", "user": 2, "object_str": "hero", "content": {"pk": 4, "path": "000100010001", "depth": 3, "numchild": 0, "translation_key": "8e142121-b3a4-4d0f-86e9-f6dfb985d3ef", "locale": 1, "latest_revision": 70, "live": true, "has_unpublished_changes": false, "first_published_at": "2022-10-18T15:21:40.034Z", "last_published_at": "2022-11-01T16:00:19.722Z", "live_revision": 70, "go_live_at": null, "expire_at": null, "expired": false, "locked": false, "locked_at": null, "locked_by": null, "title": "hero", "draft_title": "hero", "slug": "hero", "content_type": 45, "url_path": "/home/hero/", "owner": 1, "seo_title": "", "show_in_menus": false, "search_description": "", "latest_revision_created_at": "2022-11-01T16:00:19.661Z", "alias_of": null, "hero_body": "<h1 data-block-key=\"ncam0\">Zendesk for Startups</h1><h2 data-block-key=\"gh3k\">WelcometoStartup Central</h2><p data-block-key=\"96ddj\">Your virtual hub connecting you with</p><p data-block-key=\"8fmbu\">our community, product training and other startup resources.</p>", "hero_image": 4, "wagtail_admin_comments": []}, "approved_go_live_at": null}}, {"model": "wagtailcore.revision", "pk": 72, "fields": {"content_type": 45, "base_content_type": 1, "object_id": "4", "submitted_for_moderation": false, "created_at": "2022-11-01T16:22:18.197Z", "user": 1, "object_str": "hero", "content": {"pk": 4, "path": "000100010001", "depth": 3, "numchild": 0, "translation_key": "8e142121-b3a4-4d0f-86e9-f6dfb985d3ef", "locale": 1, "latest_revision": 71, "live": true, "has_unpublished_changes": true, "first_published_at": "2022-10-18T15:21:40.034Z", "last_published_at": "2022-11-01T16:00:19.722Z", "live_revision": 70, "go_live_at": null, "expire_at": null, "expired": false, "locked": false, "locked_at": null, "locked_by": null, "title": "hero", "draft_title": "hero", "slug": "hero", "content_type": 45, "url_path": "/home/hero/", "owner": 1, "seo_title": "", "show_in_menus": false, "search_description": "", "latest_revision_created_at": "2022-11-01T16:22:07.454Z", "alias_of": null, "hero_body": "<h1 data-block-key=\"ncam0\">Zendesk for Startups</h1><h2 data-block-key=\"gh3k\">WelcometoStartup Central</h2><p data-block-key=\"96ddj\">Your virtual hub connecting you with</p><p data-block-key=\"8fmbu\">our community, product training and other startup resources.</p>", "hero_image": 4, "wagtail_admin_comments": []}, "approved_go_live_at": null}}, {"model": "wagtailcore.revision", "pk": 73, "fields": {"content_type": 45, "base_content_type": 1, "object_id": "4", "submitted_for_moderation": false, "created_at": "2022-11-01T16:22:19.837Z", "user": 1, "object_str": "hero", "content": {"pk": 4, "path": "000100010001", "depth": 3, "numchild": 0, "translation_key": "8e142121-b3a4-4d0f-86e9-f6dfb985d3ef", "locale": 1, "latest_revision": 72, "live": true, "has_unpublished_changes": true, "first_published_at": "2022-10-18T15:21:40.034Z", "last_published_at": "2022-11-01T16:00:19.722Z", "live_revision": 70, "go_live_at": null, "expire_at": null, "expired": false, "locked": false, "locked_at": null, "locked_by": null, "title": "hero", "draft_title": "hero", "slug": "hero", "content_type": 45, "url_path": "/home/hero/", "owner": 1, "seo_title": "", "show_in_menus": false, "search_description": "", "latest_revision_created_at": "2022-11-01T16:22:18.197Z", "alias_of": null, "hero_body": "<h1 data-block-key=\"ncam0\">Zendesk for Startups</h1><h2 data-block-key=\"gh3k\">WelcometoStartup Central</h2><p data-block-key=\"96ddj\">Your virtual hub connecting you with</p><p data-block-key=\"8fmbu\">our community, product training and other startup resources.</p>", "hero_image": 4, "wagtail_admin_comments": []}, "approved_go_live_at": null}}, {"model": "wagtailcore.revision", "pk": 74, "fields": {"content_type": 45, "base_content_type": 1, "object_id": "4", "submitted_for_moderation": false, "created_at": "2022-11-01T16:22:31.633Z", "user": 2, "object_str": "hero", "content": {"pk": 4, "path": "000100010001", "depth": 3, "numchild": 0, "translation_key": "8e142121-b3a4-4d0f-86e9-f6dfb985d3ef", "locale": 1, "latest_revision": 73, "live": true, "has_unpublished_changes": false, "first_published_at": "2022-10-18T15:21:40.034Z", "last_published_at": "2022-11-01T16:22:19.899Z", "live_revision": 73, "go_live_at": null, "expire_at": null, "expired": false, "locked": false, "locked_at": null, "locked_by": null, "title": "hero", "draft_title": "hero", "slug": "hero", "content_type": 45, "url_path": "/home/hero/", "owner": 1, "seo_title": "", "show_in_menus": false, "search_description": "", "latest_revision_created_at": "2022-11-01T16:22:19.837Z", "alias_of": null, "hero_body": "<h1 data-block-key=\"ncam0\">Zendesk for Startups</h1><h2 data-block-key=\"gh3k\">WelcometoStartup Central</h2><p data-block-key=\"96ddj\">Your virtual hub connecting you with</p><p data-block-key=\"8fmbu\">our community, product training and other startup resources.</p><p data-block-key=\"cqag3\"></p><p data-block-key=\"f9rm\">sdkjfajshdgfiuashfkjansdkfi</p>", "hero_image": 4, "wagtail_admin_comments": []}, "approved_go_live_at": null}}, {"model": "wagtailcore.revision", "pk": 75, "fields": {"content_type": 45, "base_content_type": 1, "object_id": "4", "submitted_for_moderation": false, "created_at": "2022-11-01T16:22:40.471Z", "user": 1, "object_str": "hero", "content": {"pk": 4, "path": "000100010001", "depth": 3, "numchild": 0, "translation_key": "8e142121-b3a4-4d0f-86e9-f6dfb985d3ef", "locale": 1, "latest_revision": 74, "live": true, "has_unpublished_changes": true, "first_published_at": "2022-10-18T15:21:40.034Z", "last_published_at": "2022-11-01T16:22:19.899Z", "live_revision": 73, "go_live_at": null, "expire_at": null, "expired": false, "locked": false, "locked_at": null, "locked_by": null, "title": "hero", "draft_title": "hero", "slug": "hero", "content_type": 45, "url_path": "/home/hero/", "owner": 1, "seo_title": "", "show_in_menus": false, "search_description": "", "latest_revision_created_at": "2022-11-01T16:22:31.633Z", "alias_of": null, "hero_body": "<h1 data-block-key=\"ncam0\">Zendesk for Startups</h1><h2 data-block-key=\"gh3k\">WelcometoStartup Central</h2><p data-block-key=\"96ddj\">Your virtual hub connecting you with</p><p data-block-key=\"8fmbu\">our community, product training and other startup resources.</p><p data-block-key=\"cqag3\"></p><p data-block-key=\"f9rm\">sdkjfajshdgfiuashfkjansdkfi</p>", "hero_image": 4, "wagtail_admin_comments": []}, "approved_go_live_at": null}}, {"model": "wagtailcore.revision", "pk": 76, "fields": {"content_type": 45, "base_content_type": 1, "object_id": "4", "submitted_for_moderation": false, "created_at": "2022-11-01T16:22:41.941Z", "user": 1, "object_str": "hero", "content": {"pk": 4, "path": "000100010001", "depth": 3, "numchild": 0, "translation_key": "8e142121-b3a4-4d0f-86e9-f6dfb985d3ef", "locale": 1, "latest_revision": 75, "live": true, "has_unpublished_changes": true, "first_published_at": "2022-10-18T15:21:40.034Z", "last_published_at": "2022-11-01T16:22:19.899Z", "live_revision": 73, "go_live_at": null, "expire_at": null, "expired": false, "locked": false, "locked_at": null, "locked_by": null, "title": "hero", "draft_title": "hero", "slug": "hero", "content_type": 45, "url_path": "/home/hero/", "owner": 1, "seo_title": "", "show_in_menus": false, "search_description": "", "latest_revision_created_at": "2022-11-01T16:22:40.471Z", "alias_of": null, "hero_body": "<h1 data-block-key=\"ncam0\">Zendesk for Startups</h1><h2 data-block-key=\"gh3k\">WelcometoStartup Central</h2><p data-block-key=\"96ddj\">Your virtual hub connecting you with</p><p data-block-key=\"8fmbu\">our community, product training and other startup resources.</p><p data-block-key=\"cqag3\"></p><p data-block-key=\"f9rm\">sdkjfajshdgfiuashfkjansdkfi</p>", "hero_image": 4, "wagtail_admin_comments": []}, "approved_go_live_at": null}}, {"model": "wagtailcore.revision", "pk": 77, "fields": {"content_type": 46, "base_content_type": 1, "object_id": "5", "submitted_for_moderation": false, "created_at": "2022-11-01T16:24:25.164Z", "user": 1, "object_str": "Sit Down Startup Podcast", "content": {"pk": 5, "path": "0001000100050002", "depth": 4, "numchild": 0, "translation_key": "9dc263f3-316a-494d-b978-529ab90b6176", "locale": 1, "latest_revision": 16, "live": true, "has_unpublished_changes": false, "first_published_at": "2022-10-18T15:22:43.893Z", "last_published_at": "2022-10-18T16:05:21.747Z", "live_revision": 16, "go_live_at": null, "expire_at": null, "expired": false, "locked": false, "locked_at": null, "locked_by": null, "title": "Sit Down Startup Podcast", "draft_title": "Sit Down Startup Podcast", "slug": "sit-down-startup-podcast", "content_type": 46, "url_path": "/home/carrousel-section/sit-down-startup-podcast/", "owner": 1, "seo_title": "", "show_in_menus": false, "search_description": "", "latest_revision_created_at": "2022-10-18T16:05:21.670Z", "alias_of": null, "carrousel_body": "<p data-block-key=\"t9wm7\">There&#x27;s a ne<i>w podcast in town</i>! <b>Founders</b>, CEOs, and makers chat with leaders about their startup journeys. There’s rule-flipping, new dogma, and recycling failure into growth. Plus, why customer experience is at the heart of success, as told by people who know unpredictability inside out.</p>", "carrousel_cta": "Listen now", "carousel_image_url": "https://zendeskforstartups.com/public/images/c9638a9f19b4495068f8229122249444.png", "carousel_link": "https://zendeskforstartups.com/startup-cx-awards/finalists/", "wagtail_admin_comments": []}, "approved_go_live_at": null}}, {"model": "wagtailcore.revision", "pk": 78, "fields": {"content_type": 46, "base_content_type": 1, "object_id": "5", "submitted_for_moderation": false, "created_at": "2022-11-01T16:24:26.828Z", "user": 1, "object_str": "Sit Down Startup Podcast", "content": {"pk": 5, "path": "0001000100050002", "depth": 4, "numchild": 0, "translation_key": "9dc263f3-316a-494d-b978-529ab90b6176", "locale": 1, "latest_revision": 77, "live": true, "has_unpublished_changes": true, "first_published_at": "2022-10-18T15:22:43.893Z", "last_published_at": "2022-10-18T16:05:21.747Z", "live_revision": 16, "go_live_at": null, "expire_at": null, "expired": false, "locked": false, "locked_at": null, "locked_by": null, "title": "Sit Down Startup Podcast", "draft_title": "Sit Down Startup Podcast", "slug": "sit-down-startup-podcast", "content_type": 46, "url_path": "/home/carrousel-section/sit-down-startup-podcast/", "owner": 1, "seo_title": "", "show_in_menus": false, "search_description": "", "latest_revision_created_at": "2022-11-01T16:24:25.164Z", "alias_of": null, "carrousel_body": "<p data-block-key=\"t9wm7\">There&#x27;s a ne<i>w podcast in town</i>! <b>Founders</b>, CEOs, and makers chat with leaders about their startup journeys. There’s rule-flipping, new dogma, and recycling failure into growth. Plus, why customer experience is at the heart of success, as told by people who know unpredictability inside out.</p>", "carrousel_cta": "Listen now", "carousel_image_url": "https://zendeskforstartups.com/public/images/c9638a9f19b4495068f8229122249444.png", "carousel_link": "https://zendeskforstartups.com/startup-cx-awards/finalists/", "wagtail_admin_comments": []}, "approved_go_live_at": null}}, {"model": "wagtailcore.revision", "pk": 79, "fields": {"content_type": 46, "base_content_type": 1, "object_id": "5", "submitted_for_moderation": false, "created_at": "2022-11-01T16:26:48.195Z", "user": 1, "object_str": "Sit Down Startup Podcast", "content": {"pk": 5, "path": "0001000100050002", "depth": 4, "numchild": 0, "translation_key": "9dc263f3-316a-494d-b978-529ab90b6176", "locale": 1, "latest_revision": 78, "live": true, "has_unpublished_changes": false, "first_published_at": "2022-10-18T15:22:43.893Z", "last_published_at": "2022-11-01T16:24:26.985Z", "live_revision": 78, "go_live_at": null, "expire_at": null, "expired": false, "locked": false, "locked_at": null, "locked_by": null, "title": "Sit Down Startup Podcast", "draft_title": "Sit Down Startup Podcast", "slug": "sit-down-startup-podcast", "content_type": 46, "url_path": "/home/carrousel-section/sit-down-startup-podcast/", "owner": 1, "seo_title": "", "show_in_menus": false, "search_description": "", "latest_revision_created_at": "2022-11-01T16:24:26.828Z", "alias_of": null, "carrousel_body": "<p data-block-key=\"t9wm7\">There&#x27;s a ne<i>w podcast in town</i>! <b>Founders</b>, CEOs, and makers chat with leaders about their startup journeys. There’s rule-flipping, new dogma, and recycling failure into growth. Plus, why cust<b>omer experience is at the heart of success, as told by people who know unpredictability inside out.</b></p>", "carrousel_cta": "Listen now", "carousel_image_url": "https://zendeskforstartups.com/public/images/c9638a9f19b4495068f8229122249444.png", "carousel_link": "https://zendeskforstartups.com/startup-cx-awards/finalists/", "wagtail_admin_comments": []}, "approved_go_live_at": null}}, {"model": "wagtailcore.revision", "pk": 80, "fields": {"content_type": 46, "base_content_type": 1, "object_id": "5", "submitted_for_moderation": false, "created_at": "2022-11-01T16:26:49.795Z", "user": 1, "object_str": "Sit Down Startup Podcast", "content": {"pk": 5, "path": "0001000100050002", "depth": 4, "numchild": 0, "translation_key": "9dc263f3-316a-494d-b978-529ab90b6176", "locale": 1, "latest_revision": 79, "live": true, "has_unpublished_changes": true, "first_published_at": "2022-10-18T15:22:43.893Z", "last_published_at": "2022-11-01T16:24:26.985Z", "live_revision": 78, "go_live_at": null, "expire_at": null, "expired": false, "locked": false, "locked_at": null, "locked_by": null, "title": "Sit Down Startup Podcast", "draft_title": "Sit Down Startup Podcast", "slug": "sit-down-startup-podcast", "content_type": 46, "url_path": "/home/carrousel-section/sit-down-startup-podcast/", "owner": 1, "seo_title": "", "show_in_menus": false, "search_description": "", "latest_revision_created_at": "2022-11-01T16:26:48.195Z", "alias_of": null, "carrousel_body": "<p data-block-key=\"t9wm7\">There&#x27;s a ne<i>w podcast in town</i>! <b>Founders</b>, CEOs, and makers chat with leaders about their startup journeys. There’s rule-flipping, new dogma, and recycling failure into growth. Plus, why cust<b>omer experience is at the heart of success, as told by people who know unpredictability inside out.</b></p>", "carrousel_cta": "Listen now", "carousel_image_url": "https://zendeskforstartups.com/public/images/c9638a9f19b4495068f8229122249444.png", "carousel_link": "https://zendeskforstartups.com/startup-cx-awards/finalists/", "wagtail_admin_comments": []}, "approved_go_live_at": null}}, {"model": "wagtailcore.revision", "pk": 81, "fields": {"content_type": 45, "base_content_type": 1, "object_id": "4", "submitted_for_moderation": false, "created_at": "2022-11-01T16:30:29.909Z", "user": 1, "object_str": "hero", "content": {"pk": 4, "path": "000100010001", "depth": 3, "numchild": 0, "translation_key": "8e142121-b3a4-4d0f-86e9-f6dfb985d3ef", "locale": 1, "latest_revision": 76, "live": true, "has_unpublished_changes": false, "first_published_at": "2022-10-18T15:21:40.034Z", "last_published_at": "2022-11-01T16:22:42.001Z", "live_revision": 76, "go_live_at": null, "expire_at": null, "expired": false, "locked": false, "locked_at": null, "locked_by": null, "title": "hero", "draft_title": "hero", "slug": "hero", "content_type": 45, "url_path": "/home/hero/", "owner": 1, "seo_title": "", "show_in_menus": false, "search_description": "", "latest_revision_created_at": "2022-11-01T16:22:41.941Z", "alias_of": null, "hero_body": "<h1 data-block-key=\"ncam0\">Zendesk for Startups</h1><h2 data-block-key=\"ch6jc\">Welcome to<br/>Startup Central</h2><p data-block-key=\"d0epe\">Your virtual hub connecting you with our community, product training and other startup resources.</p><p data-block-key=\"44ijo\"></p>", "hero_image": 4, "wagtail_admin_comments": []}, "approved_go_live_at": null}}, {"model": "wagtailcore.revision", "pk": 82, "fields": {"content_type": 45, "base_content_type": 1, "object_id": "4", "submitted_for_moderation": false, "created_at": "2022-11-01T16:30:33.000Z", "user": 1, "object_str": "hero", "content": {"pk": 4, "path": "000100010001", "depth": 3, "numchild": 0, "translation_key": "8e142121-b3a4-4d0f-86e9-f6dfb985d3ef", "locale": 1, "latest_revision": 81, "live": true, "has_unpublished_changes": true, "first_published_at": "2022-10-18T15:21:40.034Z", "last_published_at": "2022-11-01T16:22:42.001Z", "live_revision": 76, "go_live_at": null, "expire_at": null, "expired": false, "locked": false, "locked_at": null, "locked_by": null, "title": "hero", "draft_title": "hero", "slug": "hero", "content_type": 45, "url_path": "/home/hero/", "owner": 1, "seo_title": "", "show_in_menus": false, "search_description": "", "latest_revision_created_at": "2022-11-01T16:30:29.909Z", "alias_of": null, "hero_body": "<h1 data-block-key=\"ncam0\">Zendesk for Startups</h1><h2 data-block-key=\"ch6jc\">Welcome to<br/>Startup Central</h2><p data-block-key=\"d0epe\">Your virtual hub connecting you with our community, product training and other startup resources.</p><p data-block-key=\"44ijo\"></p>", "hero_image": 4, "wagtail_admin_comments": []}, "approved_go_live_at": null}}, {"model": "wagtailcore.revision", "pk": 83, "fields": {"content_type": 45, "base_content_type": 1, "object_id": "4", "submitted_for_moderation": false, "created_at": "2022-11-01T16:31:09.334Z", "user": 1, "object_str": "hero", "content": {"pk": 4, "path": "000100010001", "depth": 3, "numchild": 0, "translation_key": "8e142121-b3a4-4d0f-86e9-f6dfb985d3ef", "locale": 1, "latest_revision": 82, "live": true, "has_unpublished_changes": false, "first_published_at": "2022-10-18T15:21:40.034Z", "last_published_at": "2022-11-01T16:30:33.068Z", "live_revision": 82, "go_live_at": null, "expire_at": null, "expired": false, "locked": false, "locked_at": null, "locked_by": null, "title": "hero", "draft_title": "hero", "slug": "hero", "content_type": 45, "url_path": "/home/hero/", "owner": 1, "seo_title": "", "show_in_menus": false, "search_description": "", "latest_revision_created_at": "2022-11-01T16:30:33.000Z", "alias_of": null, "hero_body": "<h1 data-block-key=\"ncam0\">Zendesk for Startups</h1><h2 data-block-key=\"ch6jc\">Welcome to<br/>Startup Central</h2><p data-block-key=\"d0epe\">Your virtual hub connecting you with our community, product training and other startup resources.</p><p data-block-key=\"44ijo\"></p>", "hero_image": 1, "wagtail_admin_comments": []}, "approved_go_live_at": null}}, {"model": "wagtailcore.revision", "pk": 84, "fields": {"content_type": 45, "base_content_type": 1, "object_id": "4", "submitted_for_moderation": false, "created_at": "2022-11-01T16:31:12.173Z", "user": 1, "object_str": "hero", "content": {"pk": 4, "path": "000100010001", "depth": 3, "numchild": 0, "translation_key": "8e142121-b3a4-4d0f-86e9-f6dfb985d3ef", "locale": 1, "latest_revision": 83, "live": true, "has_unpublished_changes": true, "first_published_at": "2022-10-18T15:21:40.034Z", "last_published_at": "2022-11-01T16:30:33.068Z", "live_revision": 82, "go_live_at": null, "expire_at": null, "expired": false, "locked": false, "locked_at": null, "locked_by": null, "title": "hero", "draft_title": "hero", "slug": "hero", "content_type": 45, "url_path": "/home/hero/", "owner": 1, "seo_title": "", "show_in_menus": false, "search_description": "", "latest_revision_created_at": "2022-11-01T16:31:09.334Z", "alias_of": null, "hero_body": "<h1 data-block-key=\"ncam0\">Zendesk for Startups</h1><h2 data-block-key=\"ch6jc\">Welcome to<br/>Startup Central</h2><p data-block-key=\"d0epe\">Your virtual hub connecting you with our community, product training and other startup resources.</p><p data-block-key=\"44ijo\"></p>", "hero_image": 1, "wagtail_admin_comments": []}, "approved_go_live_at": null}}, {"model": "wagtailcore.revision", "pk": 85, "fields": {"content_type": 46, "base_content_type": 1, "object_id": "5", "submitted_for_moderation": false, "created_at": "2022-11-01T16:31:53.940Z", "user": 1, "object_str": "Sit Down Startup Podcast", "content": {"pk": 5, "path": "0001000100050002", "depth": 4, "numchild": 0, "translation_key": "9dc263f3-316a-494d-b978-529ab90b6176", "locale": 1, "latest_revision": 80, "live": true, "has_unpublished_changes": false, "first_published_at": "2022-10-18T15:22:43.893Z", "last_published_at": "2022-11-01T16:26:49.858Z", "live_revision": 80, "go_live_at": null, "expire_at": null, "expired": false, "locked": false, "locked_at": null, "locked_by": null, "title": "Sit Down Startup Podcast", "draft_title": "Sit Down Startup Podcast", "slug": "sit-down-startup-podcast", "content_type": 46, "url_path": "/home/carrousel-section/sit-down-startup-podcast/", "owner": 1, "seo_title": "", "show_in_menus": false, "search_description": "", "latest_revision_created_at": "2022-11-01T16:26:49.795Z", "alias_of": null, "carrousel_body": "<p data-block-key=\"t9wm7\"><i>There&#x27;s a new podcast in town!</i> <b>Founders</b>, CEOs, and makers chat with leaders about their startup journeys. There’s rule-flipping, new dogma, and recycling failure into growth. Plus, why cust<b>omer experience is at the heart of success, as told by people who know unpredictability inside out.</b></p>", "carrousel_cta": "Listen now", "carousel_image_url": "https://zendeskforstartups.com/public/images/c9638a9f19b4495068f8229122249444.png", "carousel_link": "https://zendeskforstartups.com/startup-cx-awards/finalists/", "wagtail_admin_comments": []}, "approved_go_live_at": null}}, {"model": "wagtailcore.revision", "pk": 86, "fields": {"content_type": 46, "base_content_type": 1, "object_id": "5", "submitted_for_moderation": false, "created_at": "2022-11-01T16:31:56.627Z", "user": 1, "object_str": "Sit Down Startup Podcast", "content": {"pk": 5, "path": "0001000100050002", "depth": 4, "numchild": 0, "translation_key": "9dc263f3-316a-494d-b978-529ab90b6176", "locale": 1, "latest_revision": 85, "live": true, "has_unpublished_changes": true, "first_published_at": "2022-10-18T15:22:43.893Z", "last_published_at": "2022-11-01T16:26:49.858Z", "live_revision": 80, "go_live_at": null, "expire_at": null, "expired": false, "locked": false, "locked_at": null, "locked_by": null, "title": "Sit Down Startup Podcast", "draft_title": "Sit Down Startup Podcast", "slug": "sit-down-startup-podcast", "content_type": 46, "url_path": "/home/carrousel-section/sit-down-startup-podcast/", "owner": 1, "seo_title": "", "show_in_menus": false, "search_description": "", "latest_revision_created_at": "2022-11-01T16:31:53.940Z", "alias_of": null, "carrousel_body": "<p data-block-key=\"t9wm7\"><i>There&#x27;s a new podcast in town!</i> <b>Founders</b>, CEOs, and makers chat with leaders about their startup journeys. There’s rule-flipping, new dogma, and recycling failure into growth. Plus, why cust<b>omer experience is at the heart of success, as told by people who know unpredictability inside out.</b></p>", "carrousel_cta": "Listen now", "carousel_image_url": "https://zendeskforstartups.com/public/images/c9638a9f19b4495068f8229122249444.png", "carousel_link": "https://zendeskforstartups.com/startup-cx-awards/finalists/", "wagtail_admin_comments": []}, "approved_go_live_at": null}}, {"model": "wagtailcore.revision", "pk": 87, "fields": {"content_type": 45, "base_content_type": 1, "object_id": "4", "submitted_for_moderation": false, "created_at": "2022-11-01T16:33:21.937Z", "user": 2, "object_str": "hero", "content": {"pk": 4, "path": "000100010001", "depth": 3, "numchild": 0, "translation_key": "8e142121-b3a4-4d0f-86e9-f6dfb985d3ef", "locale": 1, "latest_revision": 84, "live": true, "has_unpublished_changes": false, "first_published_at": "2022-10-18T15:21:40.034Z", "last_published_at": "2022-11-01T16:31:12.233Z", "live_revision": 84, "go_live_at": null, "expire_at": null, "expired": false, "locked": false, "locked_at": null, "locked_by": null, "title": "hero", "draft_title": "hero", "slug": "hero", "content_type": 45, "url_path": "/home/hero/", "owner": 1, "seo_title": "", "show_in_menus": false, "search_description": "", "latest_revision_created_at": "2022-11-01T16:31:12.173Z", "alias_of": null, "hero_body": "<h1 data-block-key=\"ncam0\"><i>Zendesk for Startups</i></h1><h2 data-block-key=\"gh3k\">WelcometoStartup Central</h2><p data-block-key=\"96ddj\">Your virtual hub connecting you with</p><p data-block-key=\"8fmbu\">our community, product training and other startup resources.</p><p data-block-key=\"cqag3\"></p><p data-block-key=\"f9rm\">sdkjfajshdgfiuashfkjansdkfi</p>", "hero_image": 4, "wagtail_admin_comments": []}, "approved_go_live_at": null}}, {"model": "wagtailcore.revision", "pk": 88, "fields": {"content_type": 45, "base_content_type": 1, "object_id": "4", "submitted_for_moderation": false, "created_at": "2022-11-01T17:07:08.364Z", "user": 1, "object_str": "hero", "content": {"pk": 4, "path": "000100010001", "depth": 3, "numchild": 0, "translation_key": "8e142121-b3a4-4d0f-86e9-f6dfb985d3ef", "locale": 1, "latest_revision": 87, "live": true, "has_unpublished_changes": true, "first_published_at": "2022-10-18T15:21:40.034Z", "last_published_at": "2022-11-01T16:31:12.233Z", "live_revision": 84, "go_live_at": null, "expire_at": null, "expired": false, "locked": false, "locked_at": null, "locked_by": null, "title": "hero", "draft_title": "hero", "slug": "hero", "content_type": 45, "url_path": "/home/hero/", "owner": 1, "seo_title": "", "show_in_menus": false, "search_description": "", "latest_revision_created_at": "2022-11-01T16:33:21.937Z", "alias_of": null, "hero_body": "<h1 data-block-key=\"ncam0\"><i>Zendesk for Startups</i></h1><h2 data-block-key=\"gh3k\">WelcometoStartup Central</h2><p data-block-key=\"96ddj\">Your virtual hub connecting you with</p><p data-block-key=\"8fmbu\">our community, product training and other startup resources.</p><p data-block-key=\"cqag3\"></p><p data-block-key=\"f9rm\">sdkjfajshdgfiuashfkjansdkfi</p>", "hero_image": 4, "wagtail_admin_comments": []}, "approved_go_live_at": null}}, {"model": "wagtailcore.revision", "pk": 89, "fields": {"content_type": 45, "base_content_type": 1, "object_id": "4", "submitted_for_moderation": false, "created_at": "2022-11-01T17:07:11.979Z", "user": 1, "object_str": "hero", "content": {"pk": 4, "path": "000100010001", "depth": 3, "numchild": 0, "translation_key": "8e142121-b3a4-4d0f-86e9-f6dfb985d3ef", "locale": 1, "latest_revision": 88, "live": true, "has_unpublished_changes": true, "first_published_at": "2022-10-18T15:21:40.034Z", "last_published_at": "2022-11-01T16:31:12.233Z", "live_revision": 84, "go_live_at": null, "expire_at": null, "expired": false, "locked": false, "locked_at": null, "locked_by": null, "title": "hero", "draft_title": "hero", "slug": "hero", "content_type": 45, "url_path": "/home/hero/", "owner": 1, "seo_title": "", "show_in_menus": false, "search_description": "", "latest_revision_created_at": "2022-11-01T17:07:08.364Z", "alias_of": null, "hero_body": "<h1 data-block-key=\"ncam0\"><i>Zendesk for Startups</i></h1><h2 data-block-key=\"gh3k\">WelcometoStartup Central</h2><p data-block-key=\"96ddj\">Your virtual hub connecting you with</p><p data-block-key=\"8fmbu\">our community, product training and other startup resources.</p><p data-block-key=\"cqag3\"></p><p data-block-key=\"f9rm\">sdkjfajshdgfiuashfkjansdkfi</p>", "hero_image": 4, "wagtail_admin_comments": []}, "approved_go_live_at": null}}, {"model": "wagtailcore.revision", "pk": 90, "fields": {"content_type": 45, "base_content_type": 1, "object_id": "4", "submitted_for_moderation": false, "created_at": "2022-11-01T17:08:53.959Z", "user": 2, "object_str": "hero", "content": {"pk": 4, "path": "000100010001", "depth": 3, "numchild": 0, "translation_key": "8e142121-b3a4-4d0f-86e9-f6dfb985d3ef", "locale": 1, "latest_revision": 89, "live": true, "has_unpublished_changes": false, "first_published_at": "2022-10-18T15:21:40.034Z", "last_published_at": "2022-11-01T17:07:12.041Z", "live_revision": 89, "go_live_at": null, "expire_at": null, "expired": false, "locked": false, "locked_at": null, "locked_by": null, "title": "hero", "draft_title": "hero", "slug": "hero", "content_type": 45, "url_path": "/home/hero/", "owner": 1, "seo_title": "", "show_in_menus": false, "search_description": "", "latest_revision_created_at": "2022-11-01T17:07:11.979Z", "alias_of": null, "hero_body": "<h1 data-block-key=\"ncam0\">Zendesk for Startups</h1><h2 data-block-key=\"3dj6s\">Welcome to Startup Central</h2><p data-block-key=\"7mgs1\">Your virtual hub connecting you with our community, product training and other startup resources.</p>", "hero_image": 4, "wagtail_admin_comments": []}, "approved_go_live_at": null}}, {"model": "wagtailcore.revision", "pk": 91, "fields": {"content_type": 45, "base_content_type": 1, "object_id": "4", "submitted_for_moderation": false, "created_at": "2022-11-01T17:08:59.275Z", "user": 2, "object_str": "hero", "content": {"pk": 4, "path": "000100010001", "depth": 3, "numchild": 0, "translation_key": "8e142121-b3a4-4d0f-86e9-f6dfb985d3ef", "locale": 1, "latest_revision": 90, "live": true, "has_unpublished_changes": true, "first_published_at": "2022-10-18T15:21:40.034Z", "last_published_at": "2022-11-01T17:07:12.041Z", "live_revision": 89, "go_live_at": null, "expire_at": null, "expired": false, "locked": false, "locked_at": null, "locked_by": null, "title": "hero", "draft_title": "hero", "slug": "hero", "content_type": 45, "url_path": "/home/hero/", "owner": 1, "seo_title": "", "show_in_menus": false, "search_description": "", "latest_revision_created_at": "2022-11-01T17:08:53.959Z", "alias_of": null, "hero_body": "<h1 data-block-key=\"ncam0\">Zendesk for Startups</h1><h2 data-block-key=\"3dj6s\">Welcome to Startup Central</h2><p data-block-key=\"7mgs1\">Your virtual hub connecting you with our community, product training and other startup resources.</p>", "hero_image": 1, "wagtail_admin_comments": []}, "approved_go_live_at": null}}, {"model": "wagtailcore.revision", "pk": 92, "fields": {"content_type": 45, "base_content_type": 1, "object_id": "4", "submitted_for_moderation": false, "created_at": "2022-11-01T17:09:01.911Z", "user": 2, "object_str": "hero", "content": {"pk": 4, "path": "000100010001", "depth": 3, "numchild": 0, "translation_key": "8e142121-b3a4-4d0f-86e9-f6dfb985d3ef", "locale": 1, "latest_revision": 91, "live": true, "has_unpublished_changes": true, "first_published_at": "2022-10-18T15:21:40.034Z", "last_published_at": "2022-11-01T17:07:12.041Z", "live_revision": 89, "go_live_at": null, "expire_at": null, "expired": false, "locked": false, "locked_at": null, "locked_by": null, "title": "hero", "draft_title": "hero", "slug": "hero", "content_type": 45, "url_path": "/home/hero/", "owner": 1, "seo_title": "", "show_in_menus": false, "search_description": "", "latest_revision_created_at": "2022-11-01T17:08:59.275Z", "alias_of": null, "hero_body": "<h1 data-block-key=\"ncam0\">Zendesk for Startups</h1><h2 data-block-key=\"3dj6s\">Welcome to Startup Central</h2><p data-block-key=\"7mgs1\">Your virtual hub connecting you with our community, product training and other startup resources.</p>", "hero_image": 1, "wagtail_admin_comments": []}, "approved_go_live_at": null}}, {"model": "wagtailcore.revision", "pk": 93, "fields": {"content_type": 45, "base_content_type": 1, "object_id": "4", "submitted_for_moderation": false, "created_at": "2022-11-01T17:09:33.817Z", "user": 1, "object_str": "hero", "content": {"pk": 4, "path": "000100010001", "depth": 3, "numchild": 0, "translation_key": "8e142121-b3a4-4d0f-86e9-f6dfb985d3ef", "locale": 1, "latest_revision": 92, "live": true, "has_unpublished_changes": true, "first_published_at": "2022-10-18T15:21:40.034Z", "last_published_at": "2022-11-01T17:07:12.041Z", "live_revision": 89, "go_live_at": null, "expire_at": null, "expired": false, "locked": false, "locked_at": null, "locked_by": null, "title": "hero", "draft_title": "hero", "slug": "hero", "content_type": 45, "url_path": "/home/hero/", "owner": 1, "seo_title": "", "show_in_menus": false, "search_description": "", "latest_revision_created_at": "2022-11-01T17:09:01.911Z", "alias_of": null, "hero_body": "<h1 data-block-key=\"ncam0\">Zendesk for Startups</h1><h2 data-block-key=\"3dj6s\">Welcome to Startup Central</h2><p data-block-key=\"7mgs1\">Your virtual hub connecting you with our community, product training and other startup resources.</p>", "hero_image": 1, "wagtail_admin_comments": []}, "approved_go_live_at": null}}, {"model": "wagtailcore.revision", "pk": 94, "fields": {"content_type": 45, "base_content_type": 1, "object_id": "4", "submitted_for_moderation": false, "created_at": "2022-11-01T17:09:35.595Z", "user": 1, "object_str": "hero", "content": {"pk": 4, "path": "000100010001", "depth": 3, "numchild": 0, "translation_key": "8e142121-b3a4-4d0f-86e9-f6dfb985d3ef", "locale": 1, "latest_revision": 93, "live": true, "has_unpublished_changes": true, "first_published_at": "2022-10-18T15:21:40.034Z", "last_published_at": "2022-11-01T17:07:12.041Z", "live_revision": 89, "go_live_at": null, "expire_at": null, "expired": false, "locked": false, "locked_at": null, "locked_by": null, "title": "hero", "draft_title": "hero", "slug": "hero", "content_type": 45, "url_path": "/home/hero/", "owner": 1, "seo_title": "", "show_in_menus": false, "search_description": "", "latest_revision_created_at": "2022-11-01T17:09:33.817Z", "alias_of": null, "hero_body": "<h1 data-block-key=\"ncam0\">Zendesk for Startups</h1><h2 data-block-key=\"3dj6s\">Welcome to Startup Central</h2><p data-block-key=\"7mgs1\">Your virtual hub connecting you with our community, product training and other startup resources.</p>", "hero_image": 1, "wagtail_admin_comments": []}, "approved_go_live_at": null}}, {"model": "wagtailcore.revision", "pk": 95, "fields": {"content_type": 46, "base_content_type": 1, "object_id": "5", "submitted_for_moderation": false, "created_at": "2022-11-01T17:18:21.859Z", "user": 1, "object_str": "Sit Down Startup Podcast", "content": {"pk": 5, "path": "0001000100050002", "depth": 4, "numchild": 0, "translation_key": "9dc263f3-316a-494d-b978-529ab90b6176", "locale": 1, "latest_revision": 86, "live": true, "has_unpublished_changes": false, "first_published_at": "2022-10-18T15:22:43.893Z", "last_published_at": "2022-11-01T16:31:56.688Z", "live_revision": 86, "go_live_at": null, "expire_at": null, "expired": false, "locked": false, "locked_at": null, "locked_by": null, "title": "Sit Down Startup Podcast", "draft_title": "Sit Down Startup Podcast", "slug": "sit-down-startup-podcast", "content_type": 46, "url_path": "/home/carrousel-section/sit-down-startup-podcast/", "owner": 1, "seo_title": "", "show_in_menus": false, "search_description": "", "latest_revision_created_at": "2022-11-01T16:31:56.627Z", "alias_of": null, "carrousel_body": "<p data-block-key=\"t9wm7\">There&#x27;s a new podcast in town! Founders, CEOs, and makers chat with leaders about their startup journeys. There’s rule-flipping, new dogma, and recycling failure into growth. Plus, why customer experience is at the heart of success, as told by people who know unpredictability inside out.</p>", "carrousel_cta": "Listen now", "carousel_image_url": "https://zendeskforstartups.com/public/images/c9638a9f19b4495068f8229122249444.png", "carousel_link": "https://zendeskforstartups.com/startup-cx-awards/finalists/", "wagtail_admin_comments": []}, "approved_go_live_at": null}}, {"model": "wagtailcore.revision", "pk": 96, "fields": {"content_type": 46, "base_content_type": 1, "object_id": "5", "submitted_for_moderation": false, "created_at": "2022-11-01T17:18:27.456Z", "user": 1, "object_str": "Sit Down Startup Podcast", "content": {"pk": 5, "path": "0001000100050002", "depth": 4, "numchild": 0, "translation_key": "9dc263f3-316a-494d-b978-529ab90b6176", "locale": 1, "latest_revision": 95, "live": true, "has_unpublished_changes": true, "first_published_at": "2022-10-18T15:22:43.893Z", "last_published_at": "2022-11-01T16:31:56.688Z", "live_revision": 86, "go_live_at": null, "expire_at": null, "expired": false, "locked": false, "locked_at": null, "locked_by": null, "title": "Sit Down Startup Podcast", "draft_title": "Sit Down Startup Podcast", "slug": "sit-down-startup-podcast", "content_type": 46, "url_path": "/home/carrousel-section/sit-down-startup-podcast/", "owner": 1, "seo_title": "", "show_in_menus": false, "search_description": "", "latest_revision_created_at": "2022-11-01T17:18:21.859Z", "alias_of": null, "carrousel_body": "<p data-block-key=\"t9wm7\">There&#x27;s a new podcast in town! Founders, CEOs, and makers chat with leaders about their startup journeys. There’s rule-flipping, new dogma, and recycling failure into growth. Plus, why customer experience is at the heart of success, as told by people who know unpredictability inside out.</p>", "carrousel_cta": "Listen now", "carousel_image_url": "https://zendeskforstartups.com/public/images/c9638a9f19b4495068f8229122249444.png", "carousel_link": "https://zendeskforstartups.com/startup-cx-awards/finalists/", "wagtail_admin_comments": []}, "approved_go_live_at": null}}, {"model": "wagtailcore.revision", "pk": 97, "fields": {"content_type": 45, "base_content_type": 1, "object_id": "4", "submitted_for_moderation": false, "created_at": "2022-11-01T17:20:23.281Z", "user": 2, "object_str": "hero", "content": {"pk": 4, "path": "000100010001", "depth": 3, "numchild": 0, "translation_key": "8e142121-b3a4-4d0f-86e9-f6dfb985d3ef", "locale": 1, "latest_revision": 94, "live": true, "has_unpublished_changes": false, "first_published_at": "2022-10-18T15:21:40.034Z", "last_published_at": "2022-11-01T17:09:35.656Z", "live_revision": 94, "go_live_at": null, "expire_at": null, "expired": false, "locked": false, "locked_at": null, "locked_by": null, "title": "hero", "draft_title": "hero", "slug": "hero", "content_type": 45, "url_path": "/home/hero/", "owner": 1, "seo_title": "", "show_in_menus": false, "search_description": "", "latest_revision_created_at": "2022-11-01T17:09:35.595Z", "alias_of": null, "hero_body": "<h1 data-block-key=\"ncam0\">Zendesk for Startups</h1><h2 data-block-key=\"3dj6s\">Welcome to Startup Central</h2><p data-block-key=\"7mgs1\">Your <b>virtual hub</b> connecting you with our community, product training and other startup resources.</p>", "hero_image": 1, "wagtail_admin_comments": []}, "approved_go_live_at": null}}, {"model": "wagtailcore.revision", "pk": 98, "fields": {"content_type": 45, "base_content_type": 1, "object_id": "4", "submitted_for_moderation": false, "created_at": "2022-11-01T17:20:26.394Z", "user": 2, "object_str": "hero", "content": {"pk": 4, "path": "000100010001", "depth": 3, "numchild": 0, "translation_key": "8e142121-b3a4-4d0f-86e9-f6dfb985d3ef", "locale": 1, "latest_revision": 97, "live": true, "has_unpublished_changes": true, "first_published_at": "2022-10-18T15:21:40.034Z", "last_published_at": "2022-11-01T17:09:35.656Z", "live_revision": 94, "go_live_at": null, "expire_at": null, "expired": false, "locked": false, "locked_at": null, "locked_by": null, "title": "hero", "draft_title": "hero", "slug": "hero", "content_type": 45, "url_path": "/home/hero/", "owner": 1, "seo_title": "", "show_in_menus": false, "search_description": "", "latest_revision_created_at": "2022-11-01T17:20:23.281Z", "alias_of": null, "hero_body": "<h1 data-block-key=\"ncam0\">Zendesk for Startups</h1><h2 data-block-key=\"3dj6s\">Welcome to Startup Central</h2><p data-block-key=\"7mgs1\">Your <b>virtual hub</b> connecting you with our community, product training and other startup resources.</p>", "hero_image": 1, "wagtail_admin_comments": []}, "approved_go_live_at": null}}, {"model": "wagtailcore.revision", "pk": 99, "fields": {"content_type": 45, "base_content_type": 1, "object_id": "4", "submitted_for_moderation": false, "created_at": "2022-11-01T17:25:05.834Z", "user": 2, "object_str": "hero", "content": {"pk": 4, "path": "000100010001", "depth": 3, "numchild": 0, "translation_key": "8e142121-b3a4-4d0f-86e9-f6dfb985d3ef", "locale": 1, "latest_revision": 98, "live": true, "has_unpublished_changes": true, "first_published_at": "2022-10-18T15:21:40.034Z", "last_published_at": "2022-11-01T17:09:35.656Z", "live_revision": 94, "go_live_at": null, "expire_at": null, "expired": false, "locked": false, "locked_at": null, "locked_by": null, "title": "hero", "draft_title": "hero", "slug": "hero", "content_type": 45, "url_path": "/home/hero/", "owner": 1, "seo_title": "", "show_in_menus": false, "search_description": "", "latest_revision_created_at": "2022-11-01T17:20:26.394Z", "alias_of": null, "hero_body": "<h1 data-block-key=\"ncam0\">Zendesk for Startups</h1><h2 data-block-key=\"3dj6s\">Welcome to Startup Central</h2><p data-block-key=\"7mgs1\">Your <b>virtual hub</b> connecting you with our community, product training and other startup resources.</p>", "hero_image": 1, "wagtail_admin_comments": []}, "approved_go_live_at": null}}, {"model": "wagtailcore.revision", "pk": 100, "fields": {"content_type": 45, "base_content_type": 1, "object_id": "4", "submitted_for_moderation": false, "created_at": "2022-11-01T17:25:32.105Z", "user": 2, "object_str": "hero", "content": {"pk": 4, "path": "000100010001", "depth": 3, "numchild": 0, "translation_key": "8e142121-b3a4-4d0f-86e9-f6dfb985d3ef", "locale": 1, "latest_revision": 99, "live": true, "has_unpublished_changes": true, "first_published_at": "2022-10-18T15:21:40.034Z", "last_published_at": "2022-11-01T17:09:35.656Z", "live_revision": 94, "go_live_at": null, "expire_at": null, "expired": false, "locked": false, "locked_at": null, "locked_by": null, "title": "hero", "draft_title": "hero", "slug": "hero", "content_type": 45, "url_path": "/home/hero/", "owner": 1, "seo_title": "", "show_in_menus": false, "search_description": "", "latest_revision_created_at": "2022-11-01T17:25:05.834Z", "alias_of": null, "hero_body": "<h1 data-block-key=\"ncam0\">Zendesk for Startups</h1><h2 data-block-key=\"3dj6s\">Welcome to Startup Central</h2><p data-block-key=\"7mgs1\">Your virtual hub connecting you with our community, product training and other startup resources.</p>", "hero_image": 1, "wagtail_admin_comments": []}, "approved_go_live_at": null}}, {"model": "wagtailcore.revision", "pk": 101, "fields": {"content_type": 45, "base_content_type": 1, "object_id": "4", "submitted_for_moderation": false, "created_at": "2022-11-01T17:31:26.661Z", "user": 1, "object_str": "hero", "content": {"pk": 4, "path": "000100010001", "depth": 3, "numchild": 0, "translation_key": "8e142121-b3a4-4d0f-86e9-f6dfb985d3ef", "locale": 1, "latest_revision": 100, "live": true, "has_unpublished_changes": true, "first_published_at": "2022-10-18T15:21:40.034Z", "last_published_at": "2022-11-01T17:09:35.656Z", "live_revision": 94, "go_live_at": null, "expire_at": null, "expired": false, "locked": false, "locked_at": null, "locked_by": null, "title": "hero", "draft_title": "hero", "slug": "hero", "content_type": 45, "url_path": "/home/hero/", "owner": 1, "seo_title": "", "show_in_menus": false, "search_description": "", "latest_revision_created_at": "2022-11-01T17:25:32.105Z", "alias_of": null, "hero_body": "<h1 data-block-key=\"ncam0\">Zendesk for Startups</h1><h2 data-block-key=\"3dj6s\">Welcome to Startup Central</h2><p data-block-key=\"7mgs1\">Your virtual hub connecting you with our community, product training and other startup resources.</p>", "hero_image": 1, "wagtail_admin_comments": []}, "approved_go_live_at": null}}, {"model": "wagtailcore.revision", "pk": 102, "fields": {"content_type": 45, "base_content_type": 1, "object_id": "4", "submitted_for_moderation": false, "created_at": "2022-11-01T17:31:30.663Z", "user": 1, "object_str": "hero", "content": {"pk": 4, "path": "000100010001", "depth": 3, "numchild": 0, "translation_key": "8e142121-b3a4-4d0f-86e9-f6dfb985d3ef", "locale": 1, "latest_revision": 101, "live": true, "has_unpublished_changes": true, "first_published_at": "2022-10-18T15:21:40.034Z", "last_published_at": "2022-11-01T17:09:35.656Z", "live_revision": 94, "go_live_at": null, "expire_at": null, "expired": false, "locked": false, "locked_at": null, "locked_by": null, "title": "hero", "draft_title": "hero", "slug": "hero", "content_type": 45, "url_path": "/home/hero/", "owner": 1, "seo_title": "", "show_in_menus": false, "search_description": "", "latest_revision_created_at": "2022-11-01T17:31:26.661Z", "alias_of": null, "hero_body": "<h1 data-block-key=\"ncam0\">Zendesk for Startups</h1><h2 data-block-key=\"3dj6s\">Welcome to Startup Central</h2><p data-block-key=\"7mgs1\">Your virtual hub connecting you with our community, product training and other startup resources.</p>", "hero_image": 1, "wagtail_admin_comments": []}, "approved_go_live_at": null}}, {"model": "wagtailcore.revision", "pk": 103, "fields": {"content_type": 45, "base_content_type": 1, "object_id": "4", "submitted_for_moderation": false, "created_at": "2022-11-01T17:45:54.032Z", "user": 2, "object_str": "hero", "content": {"pk": 4, "path": "000100010001", "depth": 3, "numchild": 0, "translation_key": "8e142121-b3a4-4d0f-86e9-f6dfb985d3ef", "locale": 1, "latest_revision": 102, "live": true, "has_unpublished_changes": false, "first_published_at": "2022-10-18T15:21:40.034Z", "last_published_at": "2022-11-01T17:31:30.731Z", "live_revision": 102, "go_live_at": null, "expire_at": null, "expired": false, "locked": false, "locked_at": null, "locked_by": null, "title": "hero", "draft_title": "hero", "slug": "hero", "content_type": 45, "url_path": "/home/hero/", "owner": 1, "seo_title": "", "show_in_menus": false, "search_description": "", "latest_revision_created_at": "2022-11-01T17:31:30.663Z", "alias_of": null, "hero_body": "<h1 data-block-key=\"ncam0\">Zendesk for Startups</h1><h2 data-block-key=\"3dj6s\">Welcome to Startup Central</h2><p data-block-key=\"7mgs1\">Your virtual hub connecting you with our community, product training and other startup resources.</p>", "hero_image": 4, "wagtail_admin_comments": []}, "approved_go_live_at": null}}, {"model": "wagtailcore.revision", "pk": 104, "fields": {"content_type": 45, "base_content_type": 1, "object_id": "4", "submitted_for_moderation": false, "created_at": "2022-11-01T17:46:12.519Z", "user": 1, "object_str": "hero", "content": {"pk": 4, "path": "000100010001", "depth": 3, "numchild": 0, "translation_key": "8e142121-b3a4-4d0f-86e9-f6dfb985d3ef", "locale": 1, "latest_revision": 103, "live": true, "has_unpublished_changes": true, "first_published_at": "2022-10-18T15:21:40.034Z", "last_published_at": "2022-11-01T17:31:30.731Z", "live_revision": 102, "go_live_at": null, "expire_at": null, "expired": false, "locked": false, "locked_at": null, "locked_by": null, "title": "hero", "draft_title": "hero", "slug": "hero", "content_type": 45, "url_path": "/home/hero/", "owner": 1, "seo_title": "", "show_in_menus": false, "search_description": "", "latest_revision_created_at": "2022-11-01T17:45:54.032Z", "alias_of": null, "hero_body": "<h1 data-block-key=\"ncam0\">Zendesk for Startups</h1><h2 data-block-key=\"3dj6s\">Welcome to Startup Central</h2><p data-block-key=\"7mgs1\">Your virtual hub connecting you with our community, product training and other startup resources.</p>", "hero_image": 4, "wagtail_admin_comments": []}, "approved_go_live_at": null}}, {"model": "wagtailcore.revision", "pk": 105, "fields": {"content_type": 46, "base_content_type": 1, "object_id": "18", "submitted_for_moderation": false, "created_at": "2022-11-01T17:47:25.186Z", "user": 2, "object_str": "\"Starry Night\" de Van Gogh", "content": {"pk": 18, "path": "0001000100050004", "depth": 4, "numchild": 0, "translation_key": "b16b95a3-73a6-4d47-87af-87145dc93c37", "locale": 1, "latest_revision": null, "live": false, "has_unpublished_changes": false, "first_published_at": null, "last_published_at": null, "live_revision": null, "go_live_at": null, "expire_at": null, "expired": false, "locked": false, "locked_at": null, "locked_by": null, "title": "\"Starry Night\" de Van Gogh", "draft_title": "\"Starry Night\" de Van Gogh", "slug": "starry-night-de-van-gogh", "content_type": 46, "url_path": "/home/carrousel-section/starry-night-de-van-gogh/", "owner": 2, "seo_title": "", "show_in_menus": false, "search_description": "", "latest_revision_created_at": null, "alias_of": null, "carrousel_body": "<p data-block-key=\"ofrn8\">La artista norteamericana Aja Kusick es la artífice de esta simpática serie que inserta iconos de la cultura pop en la obra de Van Gogh &quot;Starry Night&quot; y con la que logra un colorido y tierno resultado.</p><p data-block-key=\"6sb36\"></p>", "carrousel_cta": "See article", "carousel_image_url": "https://culturainquieta.com/images/Iconos_de_la_cultura_pop_invaden_Starry_Night_de_Van_Gogh/pop-starry-culturainquieta.jpg", "carousel_link": "https://culturainquieta.com/es/arte/pintura/item/11902-iconos-de-la-cultura-pop-invaden-starry-night-de-van-gogh.html", "wagtail_admin_comments": []}, "approved_go_live_at": null}}, {"model": "wagtailcore.revision", "pk": 106, "fields": {"content_type": 46, "base_content_type": 1, "object_id": "18", "submitted_for_moderation": false, "created_at": "2022-11-01T17:47:49.008Z", "user": 1, "object_str": "\"Starry Night\" de Van Gogh", "content": {"pk": 18, "path": "0001000100050004", "depth": 4, "numchild": 0, "translation_key": "b16b95a3-73a6-4d47-87af-87145dc93c37", "locale": 1, "latest_revision": 105, "live": false, "has_unpublished_changes": true, "first_published_at": null, "last_published_at": null, "live_revision": null, "go_live_at": null, "expire_at": null, "expired": false, "locked": false, "locked_at": null, "locked_by": null, "title": "\"Starry Night\" de Van Gogh", "draft_title": "\"Starry Night\" de Van Gogh", "slug": "starry-night-de-van-gogh", "content_type": 46, "url_path": "/home/carrousel-section/starry-night-de-van-gogh/", "owner": 2, "seo_title": "", "show_in_menus": false, "search_description": "", "latest_revision_created_at": "2022-11-01T17:47:25.186Z", "alias_of": null, "carrousel_body": "<p data-block-key=\"ofrn8\">La artista norteamericana Aja Kusick es la artífice de esta simpática serie que inserta iconos de la cultura pop en la obra de Van Gogh &quot;Starry Night&quot; y con la que logra un colorido y tierno resultado.</p><p data-block-key=\"6sb36\"></p>", "carrousel_cta": "See article", "carousel_image_url": "https://culturainquieta.com/images/Iconos_de_la_cultura_pop_invaden_Starry_Night_de_Van_Gogh/pop-starry-culturainquieta.jpg", "carousel_link": "https://culturainquieta.com/es/arte/pintura/item/11902-iconos-de-la-cultura-pop-invaden-starry-night-de-van-gogh.html", "wagtail_admin_comments": []}, "approved_go_live_at": null}}, {"model": "wagtailcore.revision", "pk": 107, "fields": {"content_type": 46, "base_content_type": 1, "object_id": "18", "submitted_for_moderation": false, "created_at": "2022-11-01T17:48:55.336Z", "user": 2, "object_str": "\"Starry Night\" de Van Gogh", "content": {"pk": 18, "path": "0001000100050004", "depth": 4, "numchild": 0, "translation_key": "b16b95a3-73a6-4d47-87af-87145dc93c37", "locale": 1, "latest_revision": 106, "live": true, "has_unpublished_changes": false, "first_published_at": "2022-11-01T17:47:49.072Z", "last_published_at": "2022-11-01T17:47:49.072Z", "live_revision": 106, "go_live_at": null, "expire_at": null, "expired": false, "locked": false, "locked_at": null, "locked_by": null, "title": "\"Starry Night\" de Van Gogh", "draft_title": "\"Starry Night\" de Van Gogh", "slug": "starry-night-de-van-gogh", "content_type": 46, "url_path": "/home/carrousel-section/starry-night-de-van-gogh/", "owner": 2, "seo_title": "", "show_in_menus": false, "search_description": "", "latest_revision_created_at": "2022-11-01T17:47:49.008Z", "alias_of": null, "carrousel_body": "<p data-block-key=\"ofrn8\"><b>La artista norteamericana</b> Aja Kusick es la artífice de esta simpática serie que inserta iconos de la cultura pop en la obra de Van Gogh &quot;Starry Night&quot; y con la que logra un colorido y tierno resultado.</p><p data-block-key=\"6sb36\"></p>", "carrousel_cta": "See article", "carousel_image_url": "https://culturainquieta.com/images/Iconos_de_la_cultura_pop_invaden_Starry_Night_de_Van_Gogh/pop-starry-culturainquieta.jpg", "carousel_link": "https://culturainquieta.com/es/arte/pintura/item/11902-iconos-de-la-cultura-pop-invaden-starry-night-de-van-gogh.html", "wagtail_admin_comments": []}, "approved_go_live_at": null}}, {"model": "wagtailcore.revision", "pk": 108, "fields": {"content_type": 46, "base_content_type": 1, "object_id": "18", "submitted_for_moderation": false, "created_at": "2022-11-01T17:49:05.293Z", "user": 1, "object_str": "\"Starry Night\" de Van Gogh", "content": {"pk": 18, "path": "0001000100050004", "depth": 4, "numchild": 0, "translation_key": "b16b95a3-73a6-4d47-87af-87145dc93c37", "locale": 1, "latest_revision": 107, "live": true, "has_unpublished_changes": true, "first_published_at": "2022-11-01T17:47:49.072Z", "last_published_at": "2022-11-01T17:47:49.072Z", "live_revision": 106, "go_live_at": null, "expire_at": null, "expired": false, "locked": false, "locked_at": null, "locked_by": null, "title": "\"Starry Night\" de Van Gogh", "draft_title": "\"Starry Night\" de Van Gogh", "slug": "starry-night-de-van-gogh", "content_type": 46, "url_path": "/home/carrousel-section/starry-night-de-van-gogh/", "owner": 2, "seo_title": "", "show_in_menus": false, "search_description": "", "latest_revision_created_at": "2022-11-01T17:48:55.336Z", "alias_of": null, "carrousel_body": "<p data-block-key=\"ofrn8\"><b>La artista norteamericana</b> Aja Kusick es la artífice de esta simpática serie que inserta iconos de la cultura pop en la obra de Van Gogh &quot;Starry Night&quot; y con la que logra un colorido y tierno resultado.</p><p data-block-key=\"6sb36\"></p>", "carrousel_cta": "See article", "carousel_image_url": "https://culturainquieta.com/images/Iconos_de_la_cultura_pop_invaden_Starry_Night_de_Van_Gogh/pop-starry-culturainquieta.jpg", "carousel_link": "https://culturainquieta.com/es/arte/pintura/item/11902-iconos-de-la-cultura-pop-invaden-starry-night-de-van-gogh.html", "wagtail_admin_comments": []}, "approved_go_live_at": null}}, {"model": "wagtailcore.revision", "pk": 117, "fields": {"content_type": 51, "base_content_type": 1, "object_id": "23", "submitted_for_moderation": false, "created_at": "2022-11-01T20:32:40.692Z", "user": 1, "object_str": "Flex Pages", "content": {"pk": 23, "path": "000100010007", "depth": 3, "numchild": 0, "translation_key": "ed3157f6-3049-422b-8588-d8e947708d8f", "locale": 1, "latest_revision": null, "live": false, "has_unpublished_changes": false, "first_published_at": null, "last_published_at": null, "live_revision": null, "go_live_at": null, "expire_at": null, "expired": false, "locked": false, "locked_at": null, "locked_by": null, "title": "Flex Pages", "draft_title": "Flex Pages", "slug": "flex-pages", "content_type": 51, "url_path": "/home/flex-pages/", "owner": 1, "seo_title": "", "show_in_menus": false, "search_description": "", "latest_revision_created_at": null, "alias_of": null, "wagtail_admin_comments": []}, "approved_go_live_at": null}}, {"model": "wagtailcore.revision", "pk": 118, "fields": {"content_type": 51, "base_content_type": 1, "object_id": "23", "submitted_for_moderation": false, "created_at": "2022-11-01T20:32:42.539Z", "user": 1, "object_str": "Flex Pages", "content": {"pk": 23, "path": "000100010007", "depth": 3, "numchild": 0, "translation_key": "ed3157f6-3049-422b-8588-d8e947708d8f", "locale": 1, "latest_revision": 117, "live": false, "has_unpublished_changes": true, "first_published_at": null, "last_published_at": null, "live_revision": null, "go_live_at": null, "expire_at": null, "expired": false, "locked": false, "locked_at": null, "locked_by": null, "title": "Flex Pages", "draft_title": "Flex Pages", "slug": "flex-pages", "content_type": 51, "url_path": "/home/flex-pages/", "owner": 1, "seo_title": "", "show_in_menus": false, "search_description": "", "latest_revision_created_at": "2022-11-01T20:32:40.692Z", "alias_of": null, "wagtail_admin_comments": []}, "approved_go_live_at": null}}, {"model": "wagtailcore.revision", "pk": 119, "fields": {"content_type": 51, "base_content_type": 1, "object_id": "23", "submitted_for_moderation": false, "created_at": "2022-11-01T20:32:44.275Z", "user": 1, "object_str": "Flex Pages", "content": {"pk": 23, "path": "000100010007", "depth": 3, "numchild": 0, "translation_key": "ed3157f6-3049-422b-8588-d8e947708d8f", "locale": 1, "latest_revision": 118, "live": false, "has_unpublished_changes": true, "first_published_at": null, "last_published_at": null, "live_revision": null, "go_live_at": null, "expire_at": null, "expired": false, "locked": false, "locked_at": null, "locked_by": null, "title": "Flex Pages", "draft_title": "Flex Pages", "slug": "flex-pages", "content_type": 51, "url_path": "/home/flex-pages/", "owner": 1, "seo_title": "", "show_in_menus": false, "search_description": "", "latest_revision_created_at": "2022-11-01T20:32:42.539Z", "alias_of": null, "wagtail_admin_comments": []}, "approved_go_live_at": null}}, {"model": "wagtailcore.revision", "pk": 120, "fields": {"content_type": 50, "base_content_type": 1, "object_id": "24", "submitted_for_moderation": false, "created_at": "2022-11-01T20:33:02.073Z", "user": 1, "object_str": "About Page", "content": {"pk": 24, "path": "0001000100070001", "depth": 4, "numchild": 0, "translation_key": "ad75cf30-4dfe-40fe-9f7d-3a45855f9dff", "locale": 1, "latest_revision": null, "live": false, "has_unpublished_changes": false, "first_published_at": null, "last_published_at": null, "live_revision": null, "go_live_at": null, "expire_at": null, "expired": false, "locked": false, "locked_at": null, "locked_by": null, "title": "About Page", "draft_title": "About Page", "slug": "about-page", "content_type": 50, "url_path": "/home/flex-pages/about-page/", "owner": 1, "seo_title": "", "show_in_menus": false, "search_description": "", "latest_revision_created_at": null, "alias_of": null, "subtitle": "about our page", "wagtail_admin_comments": []}, "approved_go_live_at": null}}, {"model": "wagtailcore.revision", "pk": 121, "fields": {"content_type": 50, "base_content_type": 1, "object_id": "24", "submitted_for_moderation": false, "created_at": "2022-11-01T20:33:04.823Z", "user": 1, "object_str": "About Page", "content": {"pk": 24, "path": "0001000100070001", "depth": 4, "numchild": 0, "translation_key": "ad75cf30-4dfe-40fe-9f7d-3a45855f9dff", "locale": 1, "latest_revision": 120, "live": false, "has_unpublished_changes": true, "first_published_at": null, "last_published_at": null, "live_revision": null, "go_live_at": null, "expire_at": null, "expired": false, "locked": false, "locked_at": null, "locked_by": null, "title": "About Page", "draft_title": "About Page", "slug": "about-page", "content_type": 50, "url_path": "/home/flex-pages/about-page/", "owner": 1, "seo_title": "", "show_in_menus": false, "search_description": "", "latest_revision_created_at": "2022-11-01T20:33:02.073Z", "alias_of": null, "subtitle": "about our page", "wagtail_admin_comments": []}, "approved_go_live_at": null}}, {"model": "wagtailcore.revision", "pk": 122, "fields": {"content_type": 50, "base_content_type": 1, "object_id": "25", "submitted_for_moderation": false, "created_at": "2022-11-01T20:33:14.789Z", "user": 1, "object_str": "Content", "content": {"pk": 25, "path": "0001000100070002", "depth": 4, "numchild": 0, "translation_key": "0ec81b55-33a7-4de9-8a56-8f005e678a71", "locale": 1, "latest_revision": null, "live": false, "has_unpublished_changes": false, "first_published_at": null, "last_published_at": null, "live_revision": null, "go_live_at": null, "expire_at": null, "expired": false, "locked": false, "locked_at": null, "locked_by": null, "title": "Content", "draft_title": "Content", "slug": "content", "content_type": 50, "url_path": "/home/flex-pages/content/", "owner": 1, "seo_title": "", "show_in_menus": false, "search_description": "", "latest_revision_created_at": null, "alias_of": null, "subtitle": "Content of some page", "wagtail_admin_comments": []}, "approved_go_live_at": null}}, {"model": "wagtailcore.revision", "pk": 123, "fields": {"content_type": 50, "base_content_type": 1, "object_id": "25", "submitted_for_moderation": false, "created_at": "2022-11-01T20:33:16.610Z", "user": 1, "object_str": "Content", "content": {"pk": 25, "path": "0001000100070002", "depth": 4, "numchild": 0, "translation_key": "0ec81b55-33a7-4de9-8a56-8f005e678a71", "locale": 1, "latest_revision": 122, "live": false, "has_unpublished_changes": true, "first_published_at": null, "last_published_at": null, "live_revision": null, "go_live_at": null, "expire_at": null, "expired": false, "locked": false, "locked_at": null, "locked_by": null, "title": "Content", "draft_title": "Content", "slug": "content", "content_type": 50, "url_path": "/home/flex-pages/content/", "owner": 1, "seo_title": "", "show_in_menus": false, "search_description": "", "latest_revision_created_at": "2022-11-01T20:33:14.789Z", "alias_of": null, "subtitle": "Content of some page", "wagtail_admin_comments": []}, "approved_go_live_at": null}}, {"model": "wagtailcore.grouppagepermission", "pk": 1, "fields": {"group": 1, "page": 1, "permission_type": "add"}}, {"model": "wagtailcore.grouppagepermission", "pk": 2, "fields": {"group": 1, "page": 1, "permission_type": "edit"}}, {"model": "wagtailcore.grouppagepermission", "pk": 3, "fields": {"group": 1, "page": 1, "permission_type": "publish"}}, {"model": "wagtailcore.grouppagepermission", "pk": 4, "fields": {"group": 2, "page": 1, "permission_type": "add"}}, {"model": "wagtailcore.grouppagepermission", "pk": 5, "fields": {"group": 2, "page": 1, "permission_type": "edit"}}, {"model": "wagtailcore.grouppagepermission", "pk": 6, "fields": {"group": 1, "page": 1, "permission_type": "lock"}}, {"model": "wagtailcore.grouppagepermission", "pk": 7, "fields": {"group": 1, "page": 1, "permission_type": "unlock"}}, {"model": "wagtailcore.grouppagepermission", "pk": 8, "fields": {"group": 3, "page": 3, "permission_type": "edit"}}, {"model": "wagtailcore.grouppagepermission", "pk": 9, "fields": {"group": 3, "page": 3, "permission_type": "add"}}, {"model": "wagtailcore.grouppagepermission", "pk": 11, "fields": {"group": 3, "page": 3, "permission_type": "lock"}}, {"model": "wagtailcore.workflowpage", "pk": 1, "fields": {"workflow": 1}}, {"model": "wagtailcore.workflowtask", "pk": 1, "fields": {"sort_order": 0, "workflow": 1, "task": 1}}, {"model": "wagtailcore.task", "pk": 1, "fields": {"name": "Moderators approval", "content_type": 4, "active": true}}, {"model": "wagtailcore.workflow", "pk": 1, "fields": {"name": "Moderators approval", "active": true}}, {"model": "wagtailcore.groupapprovaltask", "pk": 1, "fields": {"groups": [1]}}, {"model": "wagtailcore.workflowstate", "pk": 1, "fields": {"page": 4, "workflow": 1, "status": "cancelled", "created_at": "2022-11-01T17:20:26.444Z", "requested_by": 2, "current_task_state": 1}}, {"model": "wagtailcore.taskstate", "pk": 1, "fields": {"workflow_state": 1, "page_revision": 98, "task": 1, "status": "rejected", "started_at": "2022-11-01T17:20:26.454Z", "finished_at": "2022-11-01T17:23:21.476Z", "finished_by": 3, "comment": "no me gusta", "content_type": 25}}, {"model": "wagtailcore.pagelogentry", "pk": 1, "fields": {"content_type": 45, "label": "hero", "action": "wagtail.create", "data": {}, "timestamp": "2022-10-18T15:21:36.423Z", "uuid": "23b762a0-4662-4f02-81ad-2ce1b99ba2e7", "user": 1, "revision": null, "content_changed": true, "deleted": false, "page": 4}}, {"model": "wagtailcore.pagelogentry", "pk": 2, "fields": {"content_type": 45, "label": "hero", "action": "wagtail.edit", "data": {}, "timestamp": "2022-10-18T15:21:40.000Z", "uuid": "e2606a5f-4066-4913-9501-c55496d3c2a1", "user": 1, "revision": 2, "content_changed": true, "deleted": false, "page": 4}}, {"model": "wagtailcore.pagelogentry", "pk": 3, "fields": {"content_type": 45, "label": "hero", "action": "wagtail.publish", "data": {}, "timestamp": "2022-10-18T15:21:40.082Z", "uuid": "e2606a5f-4066-4913-9501-c55496d3c2a1", "user": 1, "revision": 2, "content_changed": true, "deleted": false, "page": 4}}, {"model": "wagtailcore.pagelogentry", "pk": 4, "fields": {"content_type": 46, "label": "Sit Down Startup Podcast", "action": "wagtail.create", "data": {}, "timestamp": "2022-10-18T15:22:40.035Z", "uuid": "23b78f9a-6025-4dbe-a03c-56e89515150c", "user": 1, "revision": null, "content_changed": true, "deleted": false, "page": 5}}, {"model": "wagtailcore.pagelogentry", "pk": 5, "fields": {"content_type": 46, "label": "Sit Down Startup Podcast", "action": "wagtail.edit", "data": {}, "timestamp": "2022-10-18T15:22:43.862Z", "uuid": "264b7ad1-ecbf-484e-bc43-3f455707bb25", "user": 1, "revision": 4, "content_changed": true, "deleted": false, "page": 5}}, {"model": "wagtailcore.pagelogentry", "pk": 6, "fields": {"content_type": 46, "label": "Sit Down Startup Podcast", "action": "wagtail.publish", "data": {}, "timestamp": "2022-10-18T15:22:43.944Z", "uuid": "264b7ad1-ecbf-484e-bc43-3f455707bb25", "user": 1, "revision": 4, "content_changed": true, "deleted": false, "page": 5}}, {"model": "wagtailcore.pagelogentry", "pk": 7, "fields": {"content_type": 46, "label": "Startup CX Awards", "action": "wagtail.create", "data": {}, "timestamp": "2022-10-18T15:26:38.444Z", "uuid": "e19f07e6-6dc2-48a8-8c62-39e407ec8d57", "user": 1, "revision": null, "content_changed": true, "deleted": false, "page": 6}}, {"model": "wagtailcore.pagelogentry", "pk": 8, "fields": {"content_type": 46, "label": "Startup CX Awards", "action": "wagtail.edit", "data": {}, "timestamp": "2022-10-18T15:26:41.093Z", "uuid": "47206394-fe6a-4784-873c-75a2b8064da4", "user": 1, "revision": 6, "content_changed": true, "deleted": false, "page": 6}}, {"model": "wagtailcore.pagelogentry", "pk": 9, "fields": {"content_type": 46, "label": "Startup CX Awards", "action": "wagtail.publish", "data": {}, "timestamp": "2022-10-18T15:26:41.183Z", "uuid": "47206394-fe6a-4784-873c-75a2b8064da4", "user": 1, "revision": 6, "content_changed": true, "deleted": false, "page": 6}}, {"model": "wagtailcore.pagelogentry", "pk": 10, "fields": {"content_type": 46, "label": "Nuevo Carousel", "action": "wagtail.create", "data": {}, "timestamp": "2022-10-18T15:51:25.735Z", "uuid": "265484bf-7066-404a-9714-bfac9e399fb7", "user": 1, "revision": null, "content_changed": true, "deleted": false, "page": 7}}, {"model": "wagtailcore.pagelogentry", "pk": 11, "fields": {"content_type": 46, "label": "Nuevo Carousel", "action": "wagtail.edit", "data": {}, "timestamp": "2022-10-18T15:51:29.469Z", "uuid": "baf38994-d9ab-42b8-8d75-9f43b41f575f", "user": 1, "revision": 8, "content_changed": true, "deleted": false, "page": 7}}, {"model": "wagtailcore.pagelogentry", "pk": 12, "fields": {"content_type": 46, "label": "Nuevo Carousel", "action": "wagtail.publish", "data": {}, "timestamp": "2022-10-18T15:51:29.574Z", "uuid": "baf38994-d9ab-42b8-8d75-9f43b41f575f", "user": 1, "revision": 8, "content_changed": false, "deleted": false, "page": 7}}, {"model": "wagtailcore.pagelogentry", "pk": 13, "fields": {"content_type": 46, "label": "Nuevo Carousel", "action": "wagtail.edit", "data": {}, "timestamp": "2022-10-18T15:53:27.995Z", "uuid": "e6a5485b-6c11-42f2-89d1-1e0119eaf45c", "user": 1, "revision": 9, "content_changed": true, "deleted": false, "page": 7}}, {"model": "wagtailcore.pagelogentry", "pk": 14, "fields": {"content_type": 46, "label": "Nuevo Carousel", "action": "wagtail.edit", "data": {}, "timestamp": "2022-10-18T15:53:30.716Z", "uuid": "4875cfd9-b333-44f9-93d9-d1dc62d1cc1e", "user": 1, "revision": 10, "content_changed": true, "deleted": false, "page": 7}}, {"model": "wagtailcore.pagelogentry", "pk": 15, "fields": {"content_type": 46, "label": "Nuevo Carousel", "action": "wagtail.publish", "data": {}, "timestamp": "2022-10-18T15:53:30.800Z", "uuid": "4875cfd9-b333-44f9-93d9-d1dc62d1cc1e", "user": 1, "revision": 10, "content_changed": false, "deleted": false, "page": 7}}, {"model": "wagtailcore.pagelogentry", "pk": 16, "fields": {"content_type": 46, "label": "Nuevo Carousel", "action": "wagtail.edit", "data": {}, "timestamp": "2022-10-18T15:55:32.877Z", "uuid": "860b9972-42c5-42c3-b892-f9bb8c9e2dc7", "user": 1, "revision": 11, "content_changed": true, "deleted": false, "page": 7}}, {"model": "wagtailcore.pagelogentry", "pk": 17, "fields": {"content_type": 46, "label": "Nuevo Carousel", "action": "wagtail.edit", "data": {}, "timestamp": "2022-10-18T15:55:36.898Z", "uuid": "90b9953f-f4c1-4a02-8a7a-d0a73505cc85", "user": 1, "revision": 12, "content_changed": true, "deleted": false, "page": 7}}, {"model": "wagtailcore.pagelogentry", "pk": 18, "fields": {"content_type": 46, "label": "Nuevo Carousel", "action": "wagtail.publish", "data": {}, "timestamp": "2022-10-18T15:55:37.003Z", "uuid": "90b9953f-f4c1-4a02-8a7a-d0a73505cc85", "user": 1, "revision": 12, "content_changed": false, "deleted": false, "page": 7}}, {"model": "wagtailcore.pagelogentry", "pk": 19, "fields": {"content_type": 46, "label": "Startup CX Awards", "action": "wagtail.edit", "data": {}, "timestamp": "2022-10-18T16:04:52.375Z", "uuid": "cf0d769d-558b-4a02-bd0e-1b9c8acfa19f", "user": 1, "revision": 13, "content_changed": true, "deleted": false, "page": 6}}, {"model": "wagtailcore.pagelogentry", "pk": 20, "fields": {"content_type": 46, "label": "Startup CX Awards", "action": "wagtail.edit", "data": {}, "timestamp": "2022-10-18T16:04:55.850Z", "uuid": "81f5067c-c836-4e83-a762-10d6b8f75695", "user": 1, "revision": 14, "content_changed": true, "deleted": false, "page": 6}}, {"model": "wagtailcore.pagelogentry", "pk": 21, "fields": {"content_type": 46, "label": "Startup CX Awards", "action": "wagtail.publish", "data": {}, "timestamp": "2022-10-18T16:04:55.951Z", "uuid": "81f5067c-c836-4e83-a762-10d6b8f75695", "user": 1, "revision": 14, "content_changed": false, "deleted": false, "page": 6}}, {"model": "wagtailcore.pagelogentry", "pk": 22, "fields": {"content_type": 46, "label": "Sit Down Startup Podcast", "action": "wagtail.edit", "data": {}, "timestamp": "2022-10-18T16:05:18.716Z", "uuid": "d371fa68-8585-4fe1-87fe-d46d75567e6e", "user": 1, "revision": 15, "content_changed": true, "deleted": false, "page": 5}}, {"model": "wagtailcore.pagelogentry", "pk": 23, "fields": {"content_type": 46, "label": "Sit Down Startup Podcast", "action": "wagtail.edit", "data": {}, "timestamp": "2022-10-18T16:05:21.703Z", "uuid": "55c95e53-e0d4-4d0a-b056-a1b8a3ca1b25", "user": 1, "revision": 16, "content_changed": true, "deleted": false, "page": 5}}, {"model": "wagtailcore.pagelogentry", "pk": 24, "fields": {"content_type": 46, "label": "Sit Down Startup Podcast", "action": "wagtail.publish", "data": {}, "timestamp": "2022-10-18T16:05:21.812Z", "uuid": "55c95e53-e0d4-4d0a-b056-a1b8a3ca1b25", "user": 1, "revision": 16, "content_changed": false, "deleted": false, "page": 5}}, {"model": "wagtailcore.pagelogentry", "pk": 25, "fields": {"content_type": 46, "label": "Nuevo Carousel", "action": "wagtail.edit", "data": {}, "timestamp": "2022-10-18T16:05:57.840Z", "uuid": "695fa5ca-f470-4fb4-af70-52c3c0caf3a0", "user": 1, "revision": 17, "content_changed": true, "deleted": false, "page": 7}}, {"model": "wagtailcore.pagelogentry", "pk": 26, "fields": {"content_type": 46, "label": "Nuevo Carousel", "action": "wagtail.edit", "data": {}, "timestamp": "2022-10-18T16:06:00.862Z", "uuid": "55d2a4c0-4d5b-4bac-9e08-30d739c1d41b", "user": 1, "revision": 18, "content_changed": true, "deleted": false, "page": 7}}, {"model": "wagtailcore.pagelogentry", "pk": 27, "fields": {"content_type": 46, "label": "Nuevo Carousel", "action": "wagtail.publish", "data": {}, "timestamp": "2022-10-18T16:06:00.994Z", "uuid": "55d2a4c0-4d5b-4bac-9e08-30d739c1d41b", "user": 1, "revision": 18, "content_changed": false, "deleted": false, "page": 7}}, {"model": "wagtailcore.pagelogentry", "pk": 28, "fields": {"content_type": 49, "label": "Carrousel Section", "action": "wagtail.create", "data": {}, "timestamp": "2022-10-18T22:56:45.492Z", "uuid": "db90c653-70eb-4c72-aa30-e50058b65fa8", "user": 1, "revision": null, "content_changed": true, "deleted": false, "page": 8}}, {"model": "wagtailcore.pagelogentry", "pk": 29, "fields": {"content_type": 49, "label": "Carrousel Section", "action": "wagtail.edit", "data": {}, "timestamp": "2022-10-18T22:56:47.413Z", "uuid": "60739f46-f24f-4c8f-8c7e-b100d0b901c4", "user": 1, "revision": 20, "content_changed": true, "deleted": false, "page": 8}}, {"model": "wagtailcore.pagelogentry", "pk": 30, "fields": {"content_type": 49, "label": "Carrousel Section", "action": "wagtail.publish", "data": {}, "timestamp": "2022-10-18T22:56:47.489Z", "uuid": "60739f46-f24f-4c8f-8c7e-b100d0b901c4", "user": 1, "revision": 20, "content_changed": false, "deleted": false, "page": 8}}, {"model": "wagtailcore.pagelogentry", "pk": 31, "fields": {"content_type": 46, "label": "Nuevo Carousel", "action": "wagtail.move", "data": {"source": {"id": 3, "title": "Home"}, "destination": {"id": 8, "title": "Carrousel Section"}}, "timestamp": "2022-10-18T22:57:40.941Z", "uuid": "f5eb086a-07e5-4cb9-8183-281f5945a166", "user": 1, "revision": null, "content_changed": false, "deleted": false, "page": 7}}, {"model": "wagtailcore.pagelogentry", "pk": 32, "fields": {"content_type": 1, "label": "Sit Down Startup Podcast", "action": "wagtail.move", "data": {"source": {"id": 3, "title": "Home"}, "destination": {"id": 8, "title": "Carrousel Section"}}, "timestamp": "2022-10-18T22:58:05.924Z", "uuid": "5e56f7f6-2e39-4cb8-8c18-f99282ae714a", "user": 1, "revision": null, "content_changed": false, "deleted": false, "page": 5}}, {"model": "wagtailcore.pagelogentry", "pk": 33, "fields": {"content_type": 1, "label": "Startup CX Awards", "action": "wagtail.move", "data": {"source": {"id": 3, "title": "Home"}, "destination": {"id": 8, "title": "Carrousel Section"}}, "timestamp": "2022-10-18T22:58:05.956Z", "uuid": "5e56f7f6-2e39-4cb8-8c18-f99282ae714a", "user": 1, "revision": null, "content_changed": false, "deleted": false, "page": 6}}, {"model": "wagtailcore.pagelogentry", "pk": 34, "fields": {"content_type": 48, "label": "Card Section", "action": "wagtail.create", "data": {}, "timestamp": "2022-10-18T23:03:53.762Z", "uuid": "2869069f-b6bb-4e06-b855-7465fcbc8720", "user": 1, "revision": null, "content_changed": true, "deleted": false, "page": 9}}, {"model": "wagtailcore.pagelogentry", "pk": 35, "fields": {"content_type": 48, "label": "Card Section", "action": "wagtail.edit", "data": {}, "timestamp": "2022-10-18T23:03:57.707Z", "uuid": "57e7703c-e5ef-4cd5-a55c-08424ad75442", "user": 1, "revision": 22, "content_changed": true, "deleted": false, "page": 9}}, {"model": "wagtailcore.pagelogentry", "pk": 36, "fields": {"content_type": 48, "label": "Card Section", "action": "wagtail.publish", "data": {}, "timestamp": "2022-10-18T23:03:57.779Z", "uuid": "57e7703c-e5ef-4cd5-a55c-08424ad75442", "user": 1, "revision": 22, "content_changed": false, "deleted": false, "page": 9}}, {"model": "wagtailcore.pagelogentry", "pk": 37, "fields": {"content_type": 47, "label": "Training", "action": "wagtail.create", "data": {}, "timestamp": "2022-10-18T23:06:16.996Z", "uuid": "cf3ea39b-3d29-4f4e-8833-982d65b46d16", "user": 1, "revision": null, "content_changed": true, "deleted": false, "page": 10}}, {"model": "wagtailcore.pagelogentry", "pk": 38, "fields": {"content_type": 47, "label": "Training", "action": "wagtail.edit", "data": {}, "timestamp": "2022-10-18T23:06:20.766Z", "uuid": "5e90519a-4800-4407-9e6a-1152e6131856", "user": 1, "revision": 24, "content_changed": true, "deleted": false, "page": 10}}, {"model": "wagtailcore.pagelogentry", "pk": 39, "fields": {"content_type": 47, "label": "Training", "action": "wagtail.publish", "data": {}, "timestamp": "2022-10-18T23:06:20.840Z", "uuid": "5e90519a-4800-4407-9e6a-1152e6131856", "user": 1, "revision": 24, "content_changed": true, "deleted": false, "page": 10}}, {"model": "wagtailcore.pagelogentry", "pk": 40, "fields": {"content_type": 47, "label": "Office Hours", "action": "wagtail.create", "data": {}, "timestamp": "2022-10-18T23:25:51.270Z", "uuid": "298595a1-b30b-48e8-adc9-ffb1e7cce512", "user": 1, "revision": null, "content_changed": true, "deleted": false, "page": 11}}, {"model": "wagtailcore.pagelogentry", "pk": 41, "fields": {"content_type": 47, "label": "Office Hours", "action": "wagtail.edit", "data": {}, "timestamp": "2022-10-18T23:25:55.522Z", "uuid": "00299030-4582-484c-9dfd-d785b1ee59bf", "user": 1, "revision": 26, "content_changed": true, "deleted": false, "page": 11}}, {"model": "wagtailcore.pagelogentry", "pk": 42, "fields": {"content_type": 47, "label": "Office Hours", "action": "wagtail.publish", "data": {}, "timestamp": "2022-10-18T23:25:55.597Z", "uuid": "00299030-4582-484c-9dfd-d785b1ee59bf", "user": 1, "revision": 26, "content_changed": true, "deleted": false, "page": 11}}, {"model": "wagtailcore.pagelogentry", "pk": 43, "fields": {"content_type": 46, "label": "Nuevo Carousel", "action": "wagtail.delete", "data": {}, "timestamp": "2022-10-18T23:45:47.215Z", "uuid": "b0cc881c-5bfa-491c-a6eb-2360f333469d", "user": 1, "revision": null, "content_changed": false, "deleted": true, "page": 7}}, {"model": "wagtailcore.pagelogentry", "pk": 44, "fields": {"content_type": 45, "label": "hero", "action": "wagtail.edit", "data": {}, "timestamp": "2022-10-19T14:24:29.241Z", "uuid": "f311d33e-3a38-4181-a9dc-4160c08a4fa9", "user": 1, "revision": 27, "content_changed": true, "deleted": false, "page": 4}}, {"model": "wagtailcore.pagelogentry", "pk": 45, "fields": {"content_type": 45, "label": "hero", "action": "wagtail.edit", "data": {}, "timestamp": "2022-10-19T14:24:31.608Z", "uuid": "1f176b49-58ce-4cef-a1ce-ce6ed55e1059", "user": 1, "revision": 28, "content_changed": true, "deleted": false, "page": 4}}, {"model": "wagtailcore.pagelogentry", "pk": 46, "fields": {"content_type": 45, "label": "hero", "action": "wagtail.publish", "data": {}, "timestamp": "2022-10-19T14:24:31.688Z", "uuid": "1f176b49-58ce-4cef-a1ce-ce6ed55e1059", "user": 1, "revision": 28, "content_changed": false, "deleted": false, "page": 4}}, {"model": "wagtailcore.pagelogentry", "pk": 47, "fields": {"content_type": 45, "label": "hero", "action": "wagtail.edit", "data": {}, "timestamp": "2022-10-19T14:24:48.379Z", "uuid": "58f5014b-5ca9-4ee8-bc41-9ebdb9bad89b", "user": 1, "revision": 29, "content_changed": true, "deleted": false, "page": 4}}, {"model": "wagtailcore.pagelogentry", "pk": 48, "fields": {"content_type": 45, "label": "hero", "action": "wagtail.edit", "data": {}, "timestamp": "2022-10-19T14:24:50.798Z", "uuid": "b25083f8-dc7d-467a-9208-17c950cc03d9", "user": 1, "revision": 30, "content_changed": true, "deleted": false, "page": 4}}, {"model": "wagtailcore.pagelogentry", "pk": 49, "fields": {"content_type": 45, "label": "hero", "action": "wagtail.publish", "data": {}, "timestamp": "2022-10-19T14:24:50.873Z", "uuid": "b25083f8-dc7d-467a-9208-17c950cc03d9", "user": 1, "revision": 30, "content_changed": false, "deleted": false, "page": 4}}, {"model": "wagtailcore.pagelogentry", "pk": 50, "fields": {"content_type": 45, "label": "hero", "action": "wagtail.edit", "data": {}, "timestamp": "2022-10-19T14:54:52.509Z", "uuid": "1a0dfef1-6c28-4c9f-9673-d1ba49fabaac", "user": 1, "revision": 31, "content_changed": true, "deleted": false, "page": 4}}, {"model": "wagtailcore.pagelogentry", "pk": 51, "fields": {"content_type": 45, "label": "hero", "action": "wagtail.edit", "data": {}, "timestamp": "2022-10-19T14:54:59.706Z", "uuid": "2a8bdcf9-8952-43f3-9de9-537bf8bd30a7", "user": 1, "revision": 32, "content_changed": true, "deleted": false, "page": 4}}, {"model": "wagtailcore.pagelogentry", "pk": 52, "fields": {"content_type": 45, "label": "hero", "action": "wagtail.publish", "data": {}, "timestamp": "2022-10-19T14:54:59.819Z", "uuid": "2a8bdcf9-8952-43f3-9de9-537bf8bd30a7", "user": 1, "revision": 32, "content_changed": false, "deleted": false, "page": 4}}, {"model": "wagtailcore.pagelogentry", "pk": 53, "fields": {"content_type": 45, "label": "hero", "action": "wagtail.edit", "data": {}, "timestamp": "2022-10-19T14:55:42.939Z", "uuid": "609e0787-2fb1-43b7-860c-2dd35ab09181", "user": 1, "revision": 33, "content_changed": true, "deleted": false, "page": 4}}, {"model": "wagtailcore.pagelogentry", "pk": 54, "fields": {"content_type": 45, "label": "hero", "action": "wagtail.edit", "data": {}, "timestamp": "2022-10-19T14:55:45.222Z", "uuid": "7a17b5b7-4169-47a7-b03d-519ce6fa0356", "user": 1, "revision": 34, "content_changed": true, "deleted": false, "page": 4}}, {"model": "wagtailcore.pagelogentry", "pk": 55, "fields": {"content_type": 45, "label": "hero", "action": "wagtail.publish", "data": {}, "timestamp": "2022-10-19T14:55:45.363Z", "uuid": "7a17b5b7-4169-47a7-b03d-519ce6fa0356", "user": 1, "revision": 34, "content_changed": false, "deleted": false, "page": 4}}, {"model": "wagtailcore.pagelogentry", "pk": 56, "fields": {"content_type": 46, "label": "Otro carousel", "action": "wagtail.create", "data": {}, "timestamp": "2022-10-19T14:57:02.610Z", "uuid": "dc3ff288-08c3-4282-9a71-40f0e8134520", "user": 1, "revision": null, "content_changed": true, "deleted": false, "page": 12}}, {"model": "wagtailcore.pagelogentry", "pk": 57, "fields": {"content_type": 46, "label": "Otro carousel", "action": "wagtail.edit", "data": {}, "timestamp": "2022-10-19T14:57:05.025Z", "uuid": "46a5ea0f-4519-4dc1-9301-9aabe9236879", "user": 1, "revision": 36, "content_changed": true, "deleted": false, "page": 12}}, {"model": "wagtailcore.pagelogentry", "pk": 58, "fields": {"content_type": 46, "label": "Otro carousel", "action": "wagtail.publish", "data": {}, "timestamp": "2022-10-19T14:57:05.170Z", "uuid": "46a5ea0f-4519-4dc1-9301-9aabe9236879", "user": 1, "revision": 36, "content_changed": false, "deleted": false, "page": 12}}, {"model": "wagtailcore.pagelogentry", "pk": 59, "fields": {"content_type": 47, "label": "FAQs", "action": "wagtail.create", "data": {}, "timestamp": "2022-10-19T14:58:24.213Z", "uuid": "dafe762a-1f28-43fe-a7be-a55bcba6b9d2", "user": 1, "revision": null, "content_changed": true, "deleted": false, "page": 13}}, {"model": "wagtailcore.pagelogentry", "pk": 60, "fields": {"content_type": 47, "label": "FAQs", "action": "wagtail.edit", "data": {}, "timestamp": "2022-10-19T14:58:27.350Z", "uuid": "cfc72e70-80cd-46b5-8628-7b3375694041", "user": 1, "revision": 38, "content_changed": true, "deleted": false, "page": 13}}, {"model": "wagtailcore.pagelogentry", "pk": 61, "fields": {"content_type": 47, "label": "FAQs", "action": "wagtail.publish", "data": {}, "timestamp": "2022-10-19T14:58:27.492Z", "uuid": "cfc72e70-80cd-46b5-8628-7b3375694041", "user": 1, "revision": 38, "content_changed": false, "deleted": false, "page": 13}}, {"model": "wagtailcore.pagelogentry", "pk": 62, "fields": {"content_type": 46, "label": "buenísimo esto de wagtail", "action": "wagtail.create", "data": {}, "timestamp": "2022-10-19T23:12:21.608Z", "uuid": "35d0e979-fa20-47b8-b89f-4263e121d210", "user": 2, "revision": null, "content_changed": true, "deleted": false, "page": 14}}, {"model": "wagtailcore.pagelogentry", "pk": 63, "fields": {"content_type": 46, "label": "buenísimo esto de wagtail", "action": "wagtail.edit", "data": {}, "timestamp": "2022-10-19T23:12:26.837Z", "uuid": "2784ca8c-6988-4193-838a-6c0148215ad3", "user": 2, "revision": 40, "content_changed": true, "deleted": false, "page": 14}}, {"model": "wagtailcore.pagelogentry", "pk": 64, "fields": {"content_type": 46, "label": "buenísimo esto de wagtail", "action": "wagtail.publish", "data": {}, "timestamp": "2022-10-19T23:12:26.940Z", "uuid": "2784ca8c-6988-4193-838a-6c0148215ad3", "user": 2, "revision": 40, "content_changed": true, "deleted": false, "page": 14}}, {"model": "wagtailcore.pagelogentry", "pk": 65, "fields": {"content_type": 46, "label": "buenísimo esto de wagtail", "action": "wagtail.delete", "data": {}, "timestamp": "2022-10-19T23:13:00.215Z", "uuid": "6e96a9db-dd68-464a-96e4-3e3232c996c5", "user": 2, "revision": null, "content_changed": false, "deleted": true, "page": 14}}, {"model": "wagtailcore.pagelogentry", "pk": 66, "fields": {"content_type": 47, "label": "Buenisimo lo de wagtail", "action": "wagtail.create", "data": {}, "timestamp": "2022-10-19T23:19:22.700Z", "uuid": "cf4ccf9b-7ccb-4b25-b6ec-01819d9b18d7", "user": 2, "revision": null, "content_changed": true, "deleted": false, "page": 15}}, {"model": "wagtailcore.pagelogentry", "pk": 67, "fields": {"content_type": 47, "label": "Buenisimo lo de wagtail", "action": "wagtail.edit", "data": {}, "timestamp": "2022-10-19T23:19:28.716Z", "uuid": "d58d524d-da8d-4057-95fc-7f8898bc79d6", "user": 2, "revision": 42, "content_changed": true, "deleted": false, "page": 15}}, {"model": "wagtailcore.pagelogentry", "pk": 68, "fields": {"content_type": 47, "label": "Buenisimo lo de wagtail", "action": "wagtail.publish", "data": {}, "timestamp": "2022-10-19T23:19:28.819Z", "uuid": "d58d524d-da8d-4057-95fc-7f8898bc79d6", "user": 2, "revision": 42, "content_changed": true, "deleted": false, "page": 15}}, {"model": "wagtailcore.pagelogentry", "pk": 69, "fields": {"content_type": 47, "label": "Buenisimo lo de wagtail", "action": "wagtail.delete", "data": {}, "timestamp": "2022-10-19T23:20:25.564Z", "uuid": "fb169666-6cc6-4fc2-8a5a-2bee9ff47969", "user": 2, "revision": null, "content_changed": false, "deleted": true, "page": 15}}, {"model": "wagtailcore.pagelogentry", "pk": 70, "fields": {"content_type": 45, "label": "hero", "action": "wagtail.edit", "data": {}, "timestamp": "2022-10-25T17:46:30.024Z", "uuid": "34fdf25d-bd2d-4720-b984-b07aaa3cca0b", "user": 2, "revision": 43, "content_changed": true, "deleted": false, "page": 4}}, {"model": "wagtailcore.pagelogentry", "pk": 71, "fields": {"content_type": 45, "label": "hero", "action": "wagtail.edit", "data": {}, "timestamp": "2022-10-25T17:46:32.757Z", "uuid": "cdc68255-74de-4734-8864-375a1f01b7d7", "user": 2, "revision": 44, "content_changed": true, "deleted": false, "page": 4}}, {"model": "wagtailcore.pagelogentry", "pk": 72, "fields": {"content_type": 45, "label": "hero", "action": "wagtail.publish", "data": {}, "timestamp": "2022-10-25T17:46:32.855Z", "uuid": "cdc68255-74de-4734-8864-375a1f01b7d7", "user": 2, "revision": 44, "content_changed": false, "deleted": false, "page": 4}}, {"model": "wagtailcore.pagelogentry", "pk": 73, "fields": {"content_type": 46, "label": "Otro carousel", "action": "wagtail.delete", "data": {}, "timestamp": "2022-10-25T17:47:02.687Z", "uuid": "7a3942ae-6763-4a74-bf61-a95a1a6c7295", "user": 2, "revision": null, "content_changed": false, "deleted": true, "page": 12}}, {"model": "wagtailcore.pagelogentry", "pk": 74, "fields": {"content_type": 46, "label": "\"Starry Night\" de Van Gogh", "action": "wagtail.create", "data": {}, "timestamp": "2022-10-25T19:46:09.269Z", "uuid": "aca2f6de-3f97-496f-8b72-60c836ded847", "user": 2, "revision": null, "content_changed": true, "deleted": false, "page": 16}}, {"model": "wagtailcore.pagelogentry", "pk": 75, "fields": {"content_type": 46, "label": "\"Starry Night\" de Van Gogh", "action": "wagtail.edit", "data": {}, "timestamp": "2022-10-25T19:46:12.694Z", "uuid": "0072408d-e1dc-41b3-8a3d-f6559df14143", "user": 2, "revision": 46, "content_changed": true, "deleted": false, "page": 16}}, {"model": "wagtailcore.pagelogentry", "pk": 76, "fields": {"content_type": 46, "label": "\"Starry Night\" de Van Gogh", "action": "wagtail.publish", "data": {}, "timestamp": "2022-10-25T19:46:12.786Z", "uuid": "0072408d-e1dc-41b3-8a3d-f6559df14143", "user": 2, "revision": 46, "content_changed": false, "deleted": false, "page": 16}}, {"model": "wagtailcore.pagelogentry", "pk": 77, "fields": {"content_type": 45, "label": "hero", "action": "wagtail.edit", "data": {}, "timestamp": "2022-10-25T20:02:02.402Z", "uuid": "b9423054-c9a2-4c12-8b76-82aa46e0faae", "user": 2, "revision": 47, "content_changed": true, "deleted": false, "page": 4}}, {"model": "wagtailcore.pagelogentry", "pk": 78, "fields": {"content_type": 45, "label": "hero", "action": "wagtail.edit", "data": {}, "timestamp": "2022-10-25T20:02:04.472Z", "uuid": "ab758c9c-fbec-49e3-8810-d3d758788a4f", "user": 2, "revision": 48, "content_changed": true, "deleted": false, "page": 4}}, {"model": "wagtailcore.pagelogentry", "pk": 79, "fields": {"content_type": 45, "label": "hero", "action": "wagtail.publish", "data": {}, "timestamp": "2022-10-25T20:02:04.565Z", "uuid": "ab758c9c-fbec-49e3-8810-d3d758788a4f", "user": 2, "revision": 48, "content_changed": true, "deleted": false, "page": 4}}, {"model": "wagtailcore.pagelogentry", "pk": 80, "fields": {"content_type": 45, "label": "hero", "action": "wagtail.edit", "data": {}, "timestamp": "2022-10-25T20:02:27.505Z", "uuid": "302f3c42-266d-4468-8189-4895b19d047b", "user": 2, "revision": 49, "content_changed": true, "deleted": false, "page": 4}}, {"model": "wagtailcore.pagelogentry", "pk": 81, "fields": {"content_type": 45, "label": "hero", "action": "wagtail.edit", "data": {}, "timestamp": "2022-10-25T20:02:29.897Z", "uuid": "9d598c98-bf89-4f01-b98e-0a47eddbdabe", "user": 2, "revision": 50, "content_changed": true, "deleted": false, "page": 4}}, {"model": "wagtailcore.pagelogentry", "pk": 82, "fields": {"content_type": 45, "label": "hero", "action": "wagtail.publish", "data": {}, "timestamp": "2022-10-25T20:02:29.977Z", "uuid": "9d598c98-bf89-4f01-b98e-0a47eddbdabe", "user": 2, "revision": 50, "content_changed": false, "deleted": false, "page": 4}}, {"model": "wagtailcore.pagelogentry", "pk": 83, "fields": {"content_type": 47, "label": "Exclusive Offers", "action": "wagtail.create", "data": {}, "timestamp": "2022-10-25T20:11:05.246Z", "uuid": "0ae84e95-f5a2-4523-ae8a-4a1172a19b1d", "user": 2, "revision": null, "content_changed": true, "deleted": false, "page": 17}}, {"model": "wagtailcore.pagelogentry", "pk": 84, "fields": {"content_type": 47, "label": "Exclusive Offers", "action": "wagtail.edit", "data": {}, "timestamp": "2022-10-25T20:11:08.432Z", "uuid": "67bb9b31-6e76-40b4-9094-40d1c901b14a", "user": 2, "revision": 52, "content_changed": true, "deleted": false, "page": 17}}, {"model": "wagtailcore.pagelogentry", "pk": 85, "fields": {"content_type": 47, "label": "Exclusive Offers", "action": "wagtail.publish", "data": {}, "timestamp": "2022-10-25T20:11:08.508Z", "uuid": "67bb9b31-6e76-40b4-9094-40d1c901b14a", "user": 2, "revision": 52, "content_changed": false, "deleted": false, "page": 17}}, {"model": "wagtailcore.pagelogentry", "pk": 86, "fields": {"content_type": 47, "label": "Exclusive Offers", "action": "wagtail.edit", "data": {}, "timestamp": "2022-10-25T20:11:23.145Z", "uuid": "c17399f8-d386-404c-a709-e0ffa687dee6", "user": 2, "revision": 53, "content_changed": true, "deleted": false, "page": 17}}, {"model": "wagtailcore.pagelogentry", "pk": 87, "fields": {"content_type": 47, "label": "Exclusive Offers", "action": "wagtail.edit", "data": {}, "timestamp": "2022-10-25T20:11:25.009Z", "uuid": "259943f1-96e8-47dd-8f1d-a186d78f3d04", "user": 2, "revision": 54, "content_changed": true, "deleted": false, "page": 17}}, {"model": "wagtailcore.pagelogentry", "pk": 88, "fields": {"content_type": 47, "label": "Exclusive Offers", "action": "wagtail.publish", "data": {}, "timestamp": "2022-10-25T20:11:25.084Z", "uuid": "259943f1-96e8-47dd-8f1d-a186d78f3d04", "user": 2, "revision": 54, "content_changed": false, "deleted": false, "page": 17}}, {"model": "wagtailcore.pagelogentry", "pk": 89, "fields": {"content_type": 47, "label": "Exclusive Offers", "action": "wagtail.delete", "data": {}, "timestamp": "2022-10-25T20:11:54.170Z", "uuid": "66d662fa-0b91-4ea1-87aa-4590482bbe3a", "user": 2, "revision": null, "content_changed": false, "deleted": true, "page": 17}}, {"model": "wagtailcore.pagelogentry", "pk": 90, "fields": {"content_type": 46, "label": "\"Starry Night\" de Van Gogh", "action": "wagtail.delete", "data": {}, "timestamp": "2022-10-25T20:12:01.694Z", "uuid": "c4affea8-7a91-426f-b733-c8b424c154f8", "user": 2, "revision": null, "content_changed": false, "deleted": true, "page": 16}}, {"model": "wagtailcore.pagelogentry", "pk": 91, "fields": {"content_type": 45, "label": "hero", "action": "wagtail.edit", "data": {}, "timestamp": "2022-11-01T14:04:49.946Z", "uuid": "20a79fdb-acba-4e00-bd9c-4f020872bb8f", "user": 1, "revision": 55, "content_changed": true, "deleted": false, "page": 4}}, {"model": "wagtailcore.pagelogentry", "pk": 92, "fields": {"content_type": 45, "label": "hero", "action": "wagtail.edit", "data": {}, "timestamp": "2022-11-01T14:04:58.881Z", "uuid": "c4643f5d-6c9f-48e4-b4f3-64d9c98ef184", "user": 1, "revision": 56, "content_changed": true, "deleted": false, "page": 4}}, {"model": "wagtailcore.pagelogentry", "pk": 93, "fields": {"content_type": 45, "label": "hero", "action": "wagtail.edit", "data": {}, "timestamp": "2022-11-01T14:05:01.019Z", "uuid": "ff4f8dc6-b334-4b0e-851a-9d2b902c6277", "user": 1, "revision": 57, "content_changed": true, "deleted": false, "page": 4}}, {"model": "wagtailcore.pagelogentry", "pk": 94, "fields": {"content_type": 45, "label": "hero", "action": "wagtail.publish", "data": {}, "timestamp": "2022-11-01T14:05:01.118Z", "uuid": "ff4f8dc6-b334-4b0e-851a-9d2b902c6277", "user": 1, "revision": 57, "content_changed": false, "deleted": false, "page": 4}}, {"model": "wagtailcore.pagelogentry", "pk": 95, "fields": {"content_type": 45, "label": "hero", "action": "wagtail.edit", "data": {}, "timestamp": "2022-11-01T14:05:36.522Z", "uuid": "5d74a30b-4b9c-4b75-8c2c-b576aeaeff4b", "user": 1, "revision": 58, "content_changed": true, "deleted": false, "page": 4}}, {"model": "wagtailcore.pagelogentry", "pk": 96, "fields": {"content_type": 45, "label": "hero", "action": "wagtail.edit", "data": {}, "timestamp": "2022-11-01T14:05:39.040Z", "uuid": "52c9674a-23d2-4970-9e67-46f0ae014250", "user": 1, "revision": 59, "content_changed": true, "deleted": false, "page": 4}}, {"model": "wagtailcore.pagelogentry", "pk": 97, "fields": {"content_type": 45, "label": "hero", "action": "wagtail.publish", "data": {}, "timestamp": "2022-11-01T14:05:39.115Z", "uuid": "52c9674a-23d2-4970-9e67-46f0ae014250", "user": 1, "revision": 59, "content_changed": true, "deleted": false, "page": 4}}, {"model": "wagtailcore.pagelogentry", "pk": 98, "fields": {"content_type": 45, "label": "hero", "action": "wagtail.edit", "data": {}, "timestamp": "2022-11-01T14:08:59.852Z", "uuid": "d0506c9d-d840-49ec-b2be-1501f8c2fc6c", "user": 1, "revision": 60, "content_changed": true, "deleted": false, "page": 4}}, {"model": "wagtailcore.pagelogentry", "pk": 99, "fields": {"content_type": 45, "label": "hero", "action": "wagtail.edit", "data": {}, "timestamp": "2022-11-01T14:09:05.112Z", "uuid": "60bd69bd-ea48-4074-b4e3-03c64fd74bc2", "user": 1, "revision": 61, "content_changed": true, "deleted": false, "page": 4}}, {"model": "wagtailcore.pagelogentry", "pk": 100, "fields": {"content_type": 45, "label": "hero", "action": "wagtail.edit", "data": {}, "timestamp": "2022-11-01T14:09:07.043Z", "uuid": "5aa843d0-fece-4585-a330-bb450f0a062d", "user": 1, "revision": 62, "content_changed": true, "deleted": false, "page": 4}}, {"model": "wagtailcore.pagelogentry", "pk": 101, "fields": {"content_type": 45, "label": "hero", "action": "wagtail.publish", "data": {}, "timestamp": "2022-11-01T14:09:07.116Z", "uuid": "5aa843d0-fece-4585-a330-bb450f0a062d", "user": 1, "revision": 62, "content_changed": false, "deleted": false, "page": 4}}, {"model": "wagtailcore.pagelogentry", "pk": 102, "fields": {"content_type": 45, "label": "hero", "action": "wagtail.edit", "data": {}, "timestamp": "2022-11-01T15:56:58.746Z", "uuid": "d24376fb-063a-475e-a824-cae7e92f2a07", "user": 2, "revision": 63, "content_changed": true, "deleted": false, "page": 4}}, {"model": "wagtailcore.pagelogentry", "pk": 103, "fields": {"content_type": 45, "label": "hero", "action": "wagtail.edit", "data": {}, "timestamp": "2022-11-01T15:57:01.013Z", "uuid": "35f885b8-50de-4f57-ab8d-3593bc35b27f", "user": 2, "revision": 64, "content_changed": true, "deleted": false, "page": 4}}, {"model": "wagtailcore.pagelogentry", "pk": 104, "fields": {"content_type": 45, "label": "hero", "action": "wagtail.publish", "data": {}, "timestamp": "2022-11-01T15:57:01.083Z", "uuid": "35f885b8-50de-4f57-ab8d-3593bc35b27f", "user": 2, "revision": 64, "content_changed": false, "deleted": false, "page": 4}}, {"model": "wagtailcore.pagelogentry", "pk": 105, "fields": {"content_type": 45, "label": "hero", "action": "wagtail.edit", "data": {}, "timestamp": "2022-11-01T15:57:37.050Z", "uuid": "3b64b6d7-4630-4a7c-bb77-777708e94d8b", "user": 2, "revision": 65, "content_changed": true, "deleted": false, "page": 4}}, {"model": "wagtailcore.pagelogentry", "pk": 106, "fields": {"content_type": 45, "label": "hero", "action": "wagtail.edit", "data": {}, "timestamp": "2022-11-01T15:58:19.982Z", "uuid": "eaa9857e-a8bb-42b1-8355-6442d47daafb", "user": 1, "revision": 66, "content_changed": true, "deleted": false, "page": 4}}, {"model": "wagtailcore.pagelogentry", "pk": 107, "fields": {"content_type": 45, "label": "hero", "action": "wagtail.publish", "data": {}, "timestamp": "2022-11-01T15:58:20.059Z", "uuid": "eaa9857e-a8bb-42b1-8355-6442d47daafb", "user": 1, "revision": 66, "content_changed": false, "deleted": false, "page": 4}}, {"model": "wagtailcore.pagelogentry", "pk": 108, "fields": {"content_type": 45, "label": "hero", "action": "wagtail.edit", "data": {}, "timestamp": "2022-11-01T15:59:39.057Z", "uuid": "e0ef181d-c1d0-4316-88f3-9f13552159a0", "user": 2, "revision": 67, "content_changed": true, "deleted": false, "page": 4}}, {"model": "wagtailcore.pagelogentry", "pk": 109, "fields": {"content_type": 45, "label": "hero", "action": "wagtail.edit", "data": {}, "timestamp": "2022-11-01T15:59:58.031Z", "uuid": "e8cffc56-4c26-45f7-82ef-28729b9c0918", "user": 2, "revision": 68, "content_changed": true, "deleted": false, "page": 4}}, {"model": "wagtailcore.pagelogentry", "pk": 110, "fields": {"content_type": 45, "label": "hero", "action": "wagtail.edit", "data": {}, "timestamp": "2022-11-01T16:00:06.735Z", "uuid": "5e855248-4e31-4e36-9a32-0daf77789ae3", "user": 2, "revision": 69, "content_changed": true, "deleted": false, "page": 4}}, {"model": "wagtailcore.pagelogentry", "pk": 111, "fields": {"content_type": 45, "label": "hero", "action": "wagtail.edit", "data": {}, "timestamp": "2022-11-01T16:00:19.691Z", "uuid": "6a1ca04a-2510-4210-9b38-15d360e77756", "user": 1, "revision": 70, "content_changed": true, "deleted": false, "page": 4}}, {"model": "wagtailcore.pagelogentry", "pk": 112, "fields": {"content_type": 45, "label": "hero", "action": "wagtail.publish", "data": {}, "timestamp": "2022-11-01T16:00:19.765Z", "uuid": "6a1ca04a-2510-4210-9b38-15d360e77756", "user": 1, "revision": 70, "content_changed": false, "deleted": false, "page": 4}}, {"model": "wagtailcore.pagelogentry", "pk": 113, "fields": {"content_type": 45, "label": "hero", "action": "wagtail.edit", "data": {}, "timestamp": "2022-11-01T16:22:07.490Z", "uuid": "4059f589-eda6-4c4b-b076-f184601250b3", "user": 2, "revision": 71, "content_changed": true, "deleted": false, "page": 4}}, {"model": "wagtailcore.pagelogentry", "pk": 114, "fields": {"content_type": 45, "label": "hero", "action": "wagtail.edit", "data": {}, "timestamp": "2022-11-01T16:22:18.227Z", "uuid": "12ecc7cb-976e-47de-9816-bf0b4fb8c966", "user": 1, "revision": 72, "content_changed": true, "deleted": false, "page": 4}}, {"model": "wagtailcore.pagelogentry", "pk": 115, "fields": {"content_type": 45, "label": "hero", "action": "wagtail.edit", "data": {}, "timestamp": "2022-11-01T16:22:19.868Z", "uuid": "b87c68fd-7f98-42b7-bfa9-18f06c9edcfa", "user": 1, "revision": 73, "content_changed": true, "deleted": false, "page": 4}}, {"model": "wagtailcore.pagelogentry", "pk": 116, "fields": {"content_type": 45, "label": "hero", "action": "wagtail.publish", "data": {}, "timestamp": "2022-11-01T16:22:19.945Z", "uuid": "b87c68fd-7f98-42b7-bfa9-18f06c9edcfa", "user": 1, "revision": 73, "content_changed": false, "deleted": false, "page": 4}}, {"model": "wagtailcore.pagelogentry", "pk": 117, "fields": {"content_type": 45, "label": "hero", "action": "wagtail.edit", "data": {}, "timestamp": "2022-11-01T16:22:31.663Z", "uuid": "29e9d7fa-e183-4c50-81b6-24a9aaa7163e", "user": 2, "revision": 74, "content_changed": true, "deleted": false, "page": 4}}, {"model": "wagtailcore.pagelogentry", "pk": 118, "fields": {"content_type": 45, "label": "hero", "action": "wagtail.edit", "data": {}, "timestamp": "2022-11-01T16:22:40.506Z", "uuid": "9d0cd740-2514-4e46-ba1a-e023d22f08e9", "user": 1, "revision": 75, "content_changed": true, "deleted": false, "page": 4}}, {"model": "wagtailcore.pagelogentry", "pk": 119, "fields": {"content_type": 45, "label": "hero", "action": "wagtail.edit", "data": {}, "timestamp": "2022-11-01T16:22:41.971Z", "uuid": "fb65b82a-43d9-44c9-90d1-067371d3179d", "user": 1, "revision": 76, "content_changed": true, "deleted": false, "page": 4}}, {"model": "wagtailcore.pagelogentry", "pk": 120, "fields": {"content_type": 45, "label": "hero", "action": "wagtail.publish", "data": {}, "timestamp": "2022-11-01T16:22:42.044Z", "uuid": "fb65b82a-43d9-44c9-90d1-067371d3179d", "user": 1, "revision": 76, "content_changed": false, "deleted": false, "page": 4}}, {"model": "wagtailcore.pagelogentry", "pk": 121, "fields": {"content_type": 46, "label": "Sit Down Startup Podcast", "action": "wagtail.edit", "data": {}, "timestamp": "2022-11-01T16:24:25.201Z", "uuid": "08df208a-0b2f-403b-9e6c-cb9bd96e4fe9", "user": 1, "revision": 77, "content_changed": true, "deleted": false, "page": 5}}, {"model": "wagtailcore.pagelogentry", "pk": 122, "fields": {"content_type": 46, "label": "Sit Down Startup Podcast", "action": "wagtail.edit", "data": {}, "timestamp": "2022-11-01T16:24:26.954Z", "uuid": "8acdabc1-9aaa-490a-8011-caaa0bb4ffee", "user": 1, "revision": 78, "content_changed": true, "deleted": false, "page": 5}}, {"model": "wagtailcore.pagelogentry", "pk": 123, "fields": {"content_type": 46, "label": "Sit Down Startup Podcast", "action": "wagtail.publish", "data": {}, "timestamp": "2022-11-01T16:24:27.029Z", "uuid": "8acdabc1-9aaa-490a-8011-caaa0bb4ffee", "user": 1, "revision": 78, "content_changed": false, "deleted": false, "page": 5}}, {"model": "wagtailcore.pagelogentry", "pk": 124, "fields": {"content_type": 46, "label": "Sit Down Startup Podcast", "action": "wagtail.edit", "data": {}, "timestamp": "2022-11-01T16:26:48.226Z", "uuid": "6035f464-927d-4368-b1e5-0c21962e3144", "user": 1, "revision": 79, "content_changed": true, "deleted": false, "page": 5}}, {"model": "wagtailcore.pagelogentry", "pk": 125, "fields": {"content_type": 46, "label": "Sit Down Startup Podcast", "action": "wagtail.edit", "data": {}, "timestamp": "2022-11-01T16:26:49.828Z", "uuid": "2dd81219-a053-4d8c-88da-77f38db26551", "user": 1, "revision": 80, "content_changed": true, "deleted": false, "page": 5}}, {"model": "wagtailcore.pagelogentry", "pk": 126, "fields": {"content_type": 46, "label": "Sit Down Startup Podcast", "action": "wagtail.publish", "data": {}, "timestamp": "2022-11-01T16:26:49.902Z", "uuid": "2dd81219-a053-4d8c-88da-77f38db26551", "user": 1, "revision": 80, "content_changed": false, "deleted": false, "page": 5}}, {"model": "wagtailcore.pagelogentry", "pk": 127, "fields": {"content_type": 45, "label": "hero", "action": "wagtail.edit", "data": {}, "timestamp": "2022-11-01T16:30:29.944Z", "uuid": "4f788ae0-51b8-4f41-b288-e3f2a9078116", "user": 1, "revision": 81, "content_changed": true, "deleted": false, "page": 4}}, {"model": "wagtailcore.pagelogentry", "pk": 128, "fields": {"content_type": 45, "label": "hero", "action": "wagtail.edit", "data": {}, "timestamp": "2022-11-01T16:30:33.035Z", "uuid": "564ebc4b-4851-4797-bc0f-b52d4dff731b", "user": 1, "revision": 82, "content_changed": true, "deleted": false, "page": 4}}, {"model": "wagtailcore.pagelogentry", "pk": 129, "fields": {"content_type": 45, "label": "hero", "action": "wagtail.publish", "data": {}, "timestamp": "2022-11-01T16:30:33.115Z", "uuid": "564ebc4b-4851-4797-bc0f-b52d4dff731b", "user": 1, "revision": 82, "content_changed": false, "deleted": false, "page": 4}}, {"model": "wagtailcore.pagelogentry", "pk": 130, "fields": {"content_type": 45, "label": "hero", "action": "wagtail.edit", "data": {}, "timestamp": "2022-11-01T16:31:09.366Z", "uuid": "3d7249be-790f-420f-b87c-c904f992e981", "user": 1, "revision": 83, "content_changed": true, "deleted": false, "page": 4}}, {"model": "wagtailcore.pagelogentry", "pk": 131, "fields": {"content_type": 45, "label": "hero", "action": "wagtail.edit", "data": {}, "timestamp": "2022-11-01T16:31:12.204Z", "uuid": "da29f23a-864b-40cf-8c71-0d8412080cd9", "user": 1, "revision": 84, "content_changed": true, "deleted": false, "page": 4}}, {"model": "wagtailcore.pagelogentry", "pk": 132, "fields": {"content_type": 45, "label": "hero", "action": "wagtail.publish", "data": {}, "timestamp": "2022-11-01T16:31:12.274Z", "uuid": "da29f23a-864b-40cf-8c71-0d8412080cd9", "user": 1, "revision": 84, "content_changed": false, "deleted": false, "page": 4}}, {"model": "wagtailcore.pagelogentry", "pk": 133, "fields": {"content_type": 46, "label": "Sit Down Startup Podcast", "action": "wagtail.edit", "data": {}, "timestamp": "2022-11-01T16:31:53.970Z", "uuid": "5f45e20c-c491-40b0-99bd-67d05d837632", "user": 1, "revision": 85, "content_changed": true, "deleted": false, "page": 5}}, {"model": "wagtailcore.pagelogentry", "pk": 134, "fields": {"content_type": 46, "label": "Sit Down Startup Podcast", "action": "wagtail.edit", "data": {}, "timestamp": "2022-11-01T16:31:56.658Z", "uuid": "639c90a7-ad07-42e2-851f-8d2544431016", "user": 1, "revision": 86, "content_changed": true, "deleted": false, "page": 5}}, {"model": "wagtailcore.pagelogentry", "pk": 135, "fields": {"content_type": 46, "label": "Sit Down Startup Podcast", "action": "wagtail.publish", "data": {}, "timestamp": "2022-11-01T16:31:56.732Z", "uuid": "639c90a7-ad07-42e2-851f-8d2544431016", "user": 1, "revision": 86, "content_changed": false, "deleted": false, "page": 5}}, {"model": "wagtailcore.pagelogentry", "pk": 136, "fields": {"content_type": 45, "label": "hero", "action": "wagtail.edit", "data": {}, "timestamp": "2022-11-01T16:33:21.967Z", "uuid": "d10521aa-7c48-4bef-83b1-59d86331cf8f", "user": 2, "revision": 87, "content_changed": true, "deleted": false, "page": 4}}, {"model": "wagtailcore.pagelogentry", "pk": 137, "fields": {"content_type": 45, "label": "hero", "action": "wagtail.edit", "data": {}, "timestamp": "2022-11-01T17:07:08.394Z", "uuid": "8cf30d06-c6ca-42cd-8aaf-356b7c0681f7", "user": 1, "revision": 88, "content_changed": true, "deleted": false, "page": 4}}, {"model": "wagtailcore.pagelogentry", "pk": 138, "fields": {"content_type": 45, "label": "hero", "action": "wagtail.edit", "data": {}, "timestamp": "2022-11-01T17:07:12.010Z", "uuid": "9846017d-9935-474d-9fbe-1436122243e5", "user": 1, "revision": 89, "content_changed": true, "deleted": false, "page": 4}}, {"model": "wagtailcore.pagelogentry", "pk": 139, "fields": {"content_type": 45, "label": "hero", "action": "wagtail.publish", "data": {}, "timestamp": "2022-11-01T17:07:12.089Z", "uuid": "9846017d-9935-474d-9fbe-1436122243e5", "user": 1, "revision": 89, "content_changed": false, "deleted": false, "page": 4}}, {"model": "wagtailcore.pagelogentry", "pk": 140, "fields": {"content_type": 45, "label": "hero", "action": "wagtail.edit", "data": {}, "timestamp": "2022-11-01T17:08:53.987Z", "uuid": "5a98ed0e-9d3e-446b-85de-254de32853e3", "user": 2, "revision": 90, "content_changed": true, "deleted": false, "page": 4}}, {"model": "wagtailcore.pagelogentry", "pk": 141, "fields": {"content_type": 45, "label": "hero", "action": "wagtail.edit", "data": {}, "timestamp": "2022-11-01T17:08:59.304Z", "uuid": "e419f51d-10d0-4916-9677-209a5c6c338b", "user": 2, "revision": 91, "content_changed": true, "deleted": false, "page": 4}}, {"model": "wagtailcore.pagelogentry", "pk": 142, "fields": {"content_type": 45, "label": "hero", "action": "wagtail.edit", "data": {}, "timestamp": "2022-11-01T17:09:01.947Z", "uuid": "5a693e33-4f21-4a1f-b050-e3c8744496b5", "user": 2, "revision": 92, "content_changed": true, "deleted": false, "page": 4}}, {"model": "wagtailcore.pagelogentry", "pk": 143, "fields": {"content_type": 45, "label": "hero", "action": "wagtail.edit", "data": {}, "timestamp": "2022-11-01T17:09:33.852Z", "uuid": "e756402b-0078-4546-bd34-b8eba0108045", "user": 1, "revision": 93, "content_changed": true, "deleted": false, "page": 4}}, {"model": "wagtailcore.pagelogentry", "pk": 144, "fields": {"content_type": 45, "label": "hero", "action": "wagtail.edit", "data": {}, "timestamp": "2022-11-01T17:09:35.627Z", "uuid": "8447b33c-aeb0-4e6d-a911-788827efd4c4", "user": 1, "revision": 94, "content_changed": true, "deleted": false, "page": 4}}, {"model": "wagtailcore.pagelogentry", "pk": 145, "fields": {"content_type": 45, "label": "hero", "action": "wagtail.publish", "data": {}, "timestamp": "2022-11-01T17:09:35.696Z", "uuid": "8447b33c-aeb0-4e6d-a911-788827efd4c4", "user": 1, "revision": 94, "content_changed": false, "deleted": false, "page": 4}}, {"model": "wagtailcore.pagelogentry", "pk": 146, "fields": {"content_type": 46, "label": "Sit Down Startup Podcast", "action": "wagtail.edit", "data": {}, "timestamp": "2022-11-01T17:18:21.888Z", "uuid": "e5eb9573-4ec2-4d41-9361-2a8ee30662c4", "user": 1, "revision": 95, "content_changed": true, "deleted": false, "page": 5}}, {"model": "wagtailcore.pagelogentry", "pk": 147, "fields": {"content_type": 46, "label": "Sit Down Startup Podcast", "action": "wagtail.edit", "data": {}, "timestamp": "2022-11-01T17:18:27.485Z", "uuid": "6e375d18-4220-4640-8a90-fac6ab1771cb", "user": 1, "revision": 96, "content_changed": true, "deleted": false, "page": 5}}, {"model": "wagtailcore.pagelogentry", "pk": 148, "fields": {"content_type": 46, "label": "Sit Down Startup Podcast", "action": "wagtail.publish", "data": {}, "timestamp": "2022-11-01T17:18:27.552Z", "uuid": "6e375d18-4220-4640-8a90-fac6ab1771cb", "user": 1, "revision": 96, "content_changed": false, "deleted": false, "page": 5}}, {"model": "wagtailcore.pagelogentry", "pk": 149, "fields": {"content_type": 45, "label": "hero", "action": "wagtail.edit", "data": {}, "timestamp": "2022-11-01T17:20:23.311Z", "uuid": "af7a29e1-0a2a-489a-b06c-2495f773cde8", "user": 2, "revision": 97, "content_changed": true, "deleted": false, "page": 4}}, {"model": "wagtailcore.pagelogentry", "pk": 150, "fields": {"content_type": 45, "label": "hero", "action": "wagtail.edit", "data": {}, "timestamp": "2022-11-01T17:20:26.424Z", "uuid": "15781c3f-7b55-499f-92f5-f4d04b214127", "user": 2, "revision": 98, "content_changed": true, "deleted": false, "page": 4}}, {"model": "wagtailcore.pagelogentry", "pk": 151, "fields": {"content_type": 45, "label": "hero", "action": "wagtail.workflow.start", "data": {"workflow": {"id": 1, "title": "Moderators approval", "status": "in_progress", "next": {"id": 1, "title": "Moderators approval"}, "task_state_id": 1}}, "timestamp": "2022-11-01T17:20:26.534Z", "uuid": "15781c3f-7b55-499f-92f5-f4d04b214127", "user": 2, "revision": 98, "content_changed": false, "deleted": false, "page": 4}}, {"model": "wagtailcore.pagelogentry", "pk": 152, "fields": {"content_type": 45, "label": "hero", "action": "wagtail.workflow.reject", "data": {"workflow": {"id": 1, "title": "Moderators approval", "status": "rejected", "task_state_id": 1, "task": {"id": 1, "title": "Moderators approval"}, "next": {"id": 1, "title": "Moderators approval"}}, "comment": "no me gusta"}, "timestamp": "2022-11-01T17:23:21.493Z", "uuid": "df4378fd-1d3e-4b0b-bb79-353853630597", "user": 3, "revision": 98, "content_changed": false, "deleted": false, "page": 4}}, {"model": "wagtailcore.pagelogentry", "pk": 153, "fields": {"content_type": 45, "label": "hero", "action": "wagtail.workflow.cancel", "data": {"workflow": {"id": 1, "title": "Moderators approval", "status": "cancelled", "task_state_id": 1, "task": {"id": 1, "title": "Moderators approval"}}}, "timestamp": "2022-11-01T17:25:05.808Z", "uuid": "bd506567-6126-43b7-8625-657f537e7732", "user": 2, "revision": 98, "content_changed": false, "deleted": false, "page": 4}}, {"model": "wagtailcore.pagelogentry", "pk": 154, "fields": {"content_type": 45, "label": "hero", "action": "wagtail.edit", "data": {}, "timestamp": "2022-11-01T17:25:05.864Z", "uuid": "bd506567-6126-43b7-8625-657f537e7732", "user": 2, "revision": 99, "content_changed": true, "deleted": false, "page": 4}}, {"model": "wagtailcore.pagelogentry", "pk": 155, "fields": {"content_type": 45, "label": "hero", "action": "wagtail.edit", "data": {}, "timestamp": "2022-11-01T17:25:32.135Z", "uuid": "6eecf0bd-b799-4670-ac49-cfeeabbf9bbe", "user": 2, "revision": 100, "content_changed": true, "deleted": false, "page": 4}}, {"model": "wagtailcore.pagelogentry", "pk": 156, "fields": {"content_type": 45, "label": "hero", "action": "wagtail.edit", "data": {}, "timestamp": "2022-11-01T17:31:26.693Z", "uuid": "4a1c5f35-c94c-4d31-a62f-5112779b155f", "user": 1, "revision": 101, "content_changed": true, "deleted": false, "page": 4}}, {"model": "wagtailcore.pagelogentry", "pk": 157, "fields": {"content_type": 45, "label": "hero", "action": "wagtail.edit", "data": {}, "timestamp": "2022-11-01T17:31:30.695Z", "uuid": "bea3822e-3e1c-4d4a-b9ef-7a139e6844b9", "user": 1, "revision": 102, "content_changed": true, "deleted": false, "page": 4}}, {"model": "wagtailcore.pagelogentry", "pk": 158, "fields": {"content_type": 45, "label": "hero", "action": "wagtail.publish", "data": {}, "timestamp": "2022-11-01T17:31:30.775Z", "uuid": "bea3822e-3e1c-4d4a-b9ef-7a139e6844b9", "user": 1, "revision": 102, "content_changed": false, "deleted": false, "page": 4}}, {"model": "wagtailcore.pagelogentry", "pk": 159, "fields": {"content_type": 45, "label": "hero", "action": "wagtail.edit", "data": {}, "timestamp": "2022-11-01T17:45:54.070Z", "uuid": "0ff10c9b-1bca-43ac-bf51-93eff17d578c", "user": 2, "revision": 103, "content_changed": true, "deleted": false, "page": 4}}, {"model": "wagtailcore.pagelogentry", "pk": 160, "fields": {"content_type": 45, "label": "hero", "action": "wagtail.edit", "data": {}, "timestamp": "2022-11-01T17:46:12.560Z", "uuid": "106358d2-ac92-4e61-b8b8-937839187038", "user": 1, "revision": 104, "content_changed": true, "deleted": false, "page": 4}}, {"model": "wagtailcore.pagelogentry", "pk": 161, "fields": {"content_type": 45, "label": "hero", "action": "wagtail.publish", "data": {}, "timestamp": "2022-11-01T17:46:12.647Z", "uuid": "106358d2-ac92-4e61-b8b8-937839187038", "user": 1, "revision": 104, "content_changed": false, "deleted": false, "page": 4}}, {"model": "wagtailcore.pagelogentry", "pk": 162, "fields": {"content_type": 46, "label": "\"Starry Night\" de Van Gogh", "action": "wagtail.create", "data": {}, "timestamp": "2022-11-01T17:47:25.156Z", "uuid": "735eaa82-65c8-4ebb-a6dc-94166c695d0a", "user": 2, "revision": null, "content_changed": true, "deleted": false, "page": 18}}, {"model": "wagtailcore.pagelogentry", "pk": 163, "fields": {"content_type": 46, "label": "\"Starry Night\" de Van Gogh", "action": "wagtail.edit", "data": {}, "timestamp": "2022-11-01T17:47:49.041Z", "uuid": "3a962520-93a1-4159-a4ed-3fc3919841b1", "user": 1, "revision": 106, "content_changed": true, "deleted": false, "page": 18}}, {"model": "wagtailcore.pagelogentry", "pk": 164, "fields": {"content_type": 46, "label": "\"Starry Night\" de Van Gogh", "action": "wagtail.publish", "data": {}, "timestamp": "2022-11-01T17:47:49.119Z", "uuid": "3a962520-93a1-4159-a4ed-3fc3919841b1", "user": 1, "revision": 106, "content_changed": false, "deleted": false, "page": 18}}, {"model": "wagtailcore.pagelogentry", "pk": 165, "fields": {"content_type": 46, "label": "\"Starry Night\" de Van Gogh", "action": "wagtail.edit", "data": {}, "timestamp": "2022-11-01T17:48:55.373Z", "uuid": "f3adc2e6-fd4b-4649-9df4-e104d2f8ea54", "user": 2, "revision": 107, "content_changed": true, "deleted": false, "page": 18}}, {"model": "wagtailcore.pagelogentry", "pk": 166, "fields": {"content_type": 46, "label": "\"Starry Night\" de Van Gogh", "action": "wagtail.edit", "data": {}, "timestamp": "2022-11-01T17:49:05.328Z", "uuid": "71590685-cd4d-444d-871f-f8881c9d955a", "user": 1, "revision": 108, "content_changed": true, "deleted": false, "page": 18}}, {"model": "wagtailcore.pagelogentry", "pk": 167, "fields": {"content_type": 46, "label": "\"Starry Night\" de Van Gogh", "action": "wagtail.publish", "data": {}, "timestamp": "2022-11-01T17:49:05.410Z", "uuid": "71590685-cd4d-444d-871f-f8881c9d955a", "user": 1, "revision": 108, "content_changed": false, "deleted": false, "page": 18}}, {"model": "wagtailcore.pagelogentry", "pk": 168, "fields": {"content_type": 50, "label": "About", "action": "wagtail.create", "data": {}, "timestamp": "2022-11-01T19:44:15.896Z", "uuid": "0891dca5-96fa-4ab4-bc01-e3cee2c764d4", "user": 1, "revision": null, "content_changed": true, "deleted": false, "page": 19}}, {"model": "wagtailcore.pagelogentry", "pk": 169, "fields": {"content_type": 50, "label": "About", "action": "wagtail.edit", "data": {}, "timestamp": "2022-11-01T19:44:17.733Z", "uuid": "aab779d7-fee3-48f8-b120-566e8fd62392", "user": 1, "revision": 110, "content_changed": true, "deleted": false, "page": 19}}, {"model": "wagtailcore.pagelogentry", "pk": 170, "fields": {"content_type": 50, "label": "About", "action": "wagtail.publish", "data": {}, "timestamp": "2022-11-01T19:44:17.806Z", "uuid": "aab779d7-fee3-48f8-b120-566e8fd62392", "user": 1, "revision": 110, "content_changed": false, "deleted": false, "page": 19}}, {"model": "wagtailcore.pagelogentry", "pk": 171, "fields": {"content_type": 51, "label": "Paginas Flexibles", "action": "wagtail.create", "data": {}, "timestamp": "2022-11-01T20:08:53.701Z", "uuid": "2125f453-0631-4061-9935-2535ccb683d5", "user": 1, "revision": null, "content_changed": true, "deleted": false, "page": 20}}, {"model": "wagtailcore.pagelogentry", "pk": 172, "fields": {"content_type": 51, "label": "Paginas Flexibles", "action": "wagtail.edit", "data": {}, "timestamp": "2022-11-01T20:08:56.142Z", "uuid": "e490ac7c-3ec8-4362-8424-27be0f82ac41", "user": 1, "revision": 112, "content_changed": true, "deleted": false, "page": 20}}, {"model": "wagtailcore.pagelogentry", "pk": 173, "fields": {"content_type": 51, "label": "Paginas Flexibles", "action": "wagtail.publish", "data": {}, "timestamp": "2022-11-01T20:08:56.215Z", "uuid": "e490ac7c-3ec8-4362-8424-27be0f82ac41", "user": 1, "revision": 112, "content_changed": false, "deleted": false, "page": 20}}, {"model": "wagtailcore.pagelogentry", "pk": 174, "fields": {"content_type": 50, "label": "About", "action": "wagtail.delete", "data": {}, "timestamp": "2022-11-01T20:09:46.057Z", "uuid": "35384e88-9785-4e91-a3a1-538f32f025d9", "user": 1, "revision": null, "content_changed": false, "deleted": true, "page": 19}}, {"model": "wagtailcore.pagelogentry", "pk": 175, "fields": {"content_type": 50, "label": "About", "action": "wagtail.create", "data": {}, "timestamp": "2022-11-01T20:10:55.098Z", "uuid": "258f3247-b5eb-430c-9ecd-d281f90d10c4", "user": 1, "revision": null, "content_changed": true, "deleted": false, "page": 21}}, {"model": "wagtailcore.pagelogentry", "pk": 176, "fields": {"content_type": 50, "label": "About", "action": "wagtail.edit", "data": {}, "timestamp": "2022-11-01T20:10:57.983Z", "uuid": "1a13fc80-80ea-43ac-9224-1a9d35dbcf3d", "user": 1, "revision": 114, "content_changed": true, "deleted": false, "page": 21}}, {"model": "wagtailcore.pagelogentry", "pk": 177, "fields": {"content_type": 50, "label": "About", "action": "wagtail.publish", "data": {}, "timestamp": "2022-11-01T20:10:58.060Z", "uuid": "1a13fc80-80ea-43ac-9224-1a9d35dbcf3d", "user": 1, "revision": 114, "content_changed": false, "deleted": false, "page": 21}}, {"model": "wagtailcore.pagelogentry", "pk": 178, "fields": {"content_type": 50, "label": "Content", "action": "wagtail.create", "data": {}, "timestamp": "2022-11-01T20:11:24.989Z", "uuid": "6cc0b36f-7b9d-4c65-9371-3d7fda1826d5", "user": 1, "revision": null, "content_changed": true, "deleted": false, "page": 22}}, {"model": "wagtailcore.pagelogentry", "pk": 179, "fields": {"content_type": 50, "label": "Content", "action": "wagtail.edit", "data": {}, "timestamp": "2022-11-01T20:11:26.681Z", "uuid": "15a1e2c3-229c-46a4-b4d2-e1abd71981de", "user": 1, "revision": 116, "content_changed": true, "deleted": false, "page": 22}}, {"model": "wagtailcore.pagelogentry", "pk": 180, "fields": {"content_type": 50, "label": "Content", "action": "wagtail.publish", "data": {}, "timestamp": "2022-11-01T20:11:26.756Z", "uuid": "15a1e2c3-229c-46a4-b4d2-e1abd71981de", "user": 1, "revision": 116, "content_changed": false, "deleted": false, "page": 22}}, {"model": "wagtailcore.pagelogentry", "pk": 181, "fields": {"content_type": 50, "label": "About", "action": "wagtail.delete", "data": {}, "timestamp": "2022-11-01T20:32:18.378Z", "uuid": "5808cc1d-a85d-4842-aab7-a766efd48dd1", "user": 1, "revision": null, "content_changed": false, "deleted": true, "page": 21}}, {"model": "wagtailcore.pagelogentry", "pk": 182, "fields": {"content_type": 50, "label": "Content", "action": "wagtail.delete", "data": {}, "timestamp": "2022-11-01T20:32:18.382Z", "uuid": "5808cc1d-a85d-4842-aab7-a766efd48dd1", "user": 1, "revision": null, "content_changed": false, "deleted": true, "page": 22}}, {"model": "wagtailcore.pagelogentry", "pk": 183, "fields": {"content_type": 51, "label": "Paginas Flexibles", "action": "wagtail.delete", "data": {}, "timestamp": "2022-11-01T20:32:18.386Z", "uuid": "5808cc1d-a85d-4842-aab7-a766efd48dd1", "user": 1, "revision": null, "content_changed": false, "deleted": true, "page": 20}}, {"model": "wagtailcore.pagelogentry", "pk": 184, "fields": {"content_type": 51, "label": "Flex Pages", "action": "wagtail.create", "data": {}, "timestamp": "2022-11-01T20:32:40.672Z", "uuid": "8b800ee2-119e-46da-9f35-4fcf8ebde675", "user": 1, "revision": null, "content_changed": true, "deleted": false, "page": 23}}, {"model": "wagtailcore.pagelogentry", "pk": 185, "fields": {"content_type": 51, "label": "Flex Pages", "action": "wagtail.edit", "data": {}, "timestamp": "2022-11-01T20:32:42.571Z", "uuid": "52dc1c03-6b79-4e80-950c-1dd3887a1d62", "user": 1, "revision": 118, "content_changed": true, "deleted": false, "page": 23}}, {"model": "wagtailcore.pagelogentry", "pk": 186, "fields": {"content_type": 51, "label": "Flex Pages", "action": "wagtail.edit", "data": {}, "timestamp": "2022-11-01T20:32:44.307Z", "uuid": "04d29be6-ff34-4a9f-8829-ea400f0d5fa8", "user": 1, "revision": 119, "content_changed": true, "deleted": false, "page": 23}}, {"model": "wagtailcore.pagelogentry", "pk": 187, "fields": {"content_type": 51, "label": "Flex Pages", "action": "wagtail.publish", "data": {}, "timestamp": "2022-11-01T20:32:44.386Z", "uuid": "04d29be6-ff34-4a9f-8829-ea400f0d5fa8", "user": 1, "revision": 119, "content_changed": false, "deleted": false, "page": 23}}, {"model": "wagtailcore.pagelogentry", "pk": 188, "fields": {"content_type": 50, "label": "About Page", "action": "wagtail.create", "data": {}, "timestamp": "2022-11-01T20:33:02.054Z", "uuid": "df0d69b8-0c2f-4087-a681-d13fef926482", "user": 1, "revision": null, "content_changed": true, "deleted": false, "page": 24}}, {"model": "wagtailcore.pagelogentry", "pk": 189, "fields": {"content_type": 50, "label": "About Page", "action": "wagtail.edit", "data": {}, "timestamp": "2022-11-01T20:33:04.854Z", "uuid": "d1addf80-f10b-4676-b176-36fca31b41e6", "user": 1, "revision": 121, "content_changed": true, "deleted": false, "page": 24}}, {"model": "wagtailcore.pagelogentry", "pk": 190, "fields": {"content_type": 50, "label": "About Page", "action": "wagtail.publish", "data": {}, "timestamp": "2022-11-01T20:33:04.928Z", "uuid": "d1addf80-f10b-4676-b176-36fca31b41e6", "user": 1, "revision": 121, "content_changed": false, "deleted": false, "page": 24}}, {"model": "wagtailcore.pagelogentry", "pk": 191, "fields": {"content_type": 50, "label": "Content", "action": "wagtail.create", "data": {}, "timestamp": "2022-11-01T20:33:14.761Z", "uuid": "bbadddac-99a4-409f-816f-2903a59897e5", "user": 1, "revision": null, "content_changed": true, "deleted": false, "page": 25}}, {"model": "wagtailcore.pagelogentry", "pk": 192, "fields": {"content_type": 50, "label": "Content", "action": "wagtail.edit", "data": {}, "timestamp": "2022-11-01T20:33:16.643Z", "uuid": "154d9099-e8c5-41cd-86d0-119a53f0edc4", "user": 1, "revision": 123, "content_changed": true, "deleted": false, "page": 25}}, {"model": "wagtailcore.pagelogentry", "pk": 193, "fields": {"content_type": 50, "label": "Content", "action": "wagtail.publish", "data": {}, "timestamp": "2022-11-01T20:33:16.714Z", "uuid": "154d9099-e8c5-41cd-86d0-119a53f0edc4", "user": 1, "revision": 123, "content_changed": false, "deleted": false, "page": 25}}, {"model": "wagtailcore.pagesubscription", "pk": 1, "fields": {"user": 1, "page": 4, "comment_notifications": true}}, {"model": "wagtailcore.pagesubscription", "pk": 2, "fields": {"user": 1, "page": 5, "comment_notifications": true}}, {"model": "wagtailcore.pagesubscription", "pk": 3, "fields": {"user": 1, "page": 6, "comment_notifications": true}}, {"model": "wagtailcore.pagesubscription", "pk": 5, "fields": {"user": 1, "page": 8, "comment_notifications": true}}, {"model": "wagtailcore.pagesubscription", "pk": 6, "fields": {"user": 1, "page": 9, "comment_notifications": true}}, {"model": "wagtailcore.pagesubscription", "pk": 7, "fields": {"user": 1, "page": 10, "comment_notifications": true}}, {"model": "wagtailcore.pagesubscription", "pk": 8, "fields": {"user": 1, "page": 11, "comment_notifications": true}}, {"model": "wagtailcore.pagesubscription", "pk": 10, "fields": {"user": 1, "page": 13, "comment_notifications": true}}, {"model": "wagtailcore.pagesubscription", "pk": 13, "fields": {"user": 2, "page": 4, "comment_notifications": true}}, {"model": "wagtailcore.pagesubscription", "pk": 16, "fields": {"user": 3, "page": 4, "comment_notifications": false}}, {"model": "wagtailcore.pagesubscription", "pk": 17, "fields": {"user": 2, "page": 18, "comment_notifications": true}}, {"model": "wagtailcore.pagesubscription", "pk": 18, "fields": {"user": 1, "page": 18, "comment_notifications": false}}, {"model": "wagtailcore.pagesubscription", "pk": 23, "fields": {"user": 1, "page": 23, "comment_notifications": true}}, {"model": "wagtailcore.pagesubscription", "pk": 24, "fields": {"user": 1, "page": 24, "comment_notifications": true}}, {"model": "wagtailcore.pagesubscription", "pk": 25, "fields": {"user": 1, "page": 25, "comment_notifications": true}}, {"model": "taggit.tag", "pk": 1, "fields": {"name": "hero", "slug": "hero"}}, {"model": "taggit.tag", "pk": 2, "fields": {"name": "card", "slug": "card"}}, {"model": "taggit.tag", "pk": 3, "fields": {"name": "carousel", "slug": "carousel"}}, {"model": "taggit.tag", "pk": 4, "fields": {"name": "documentacion wagtail", "slug": "documentacion-wagtail"}}, {"model": "taggit.tag", "pk": 5, "fields": {"name": "documentacion", "slug": "documentacion"}}, {"model": "taggit.taggeditem", "pk": 1, "fields": {"tag": 1, "content_type": 6, "object_id": 1}}, {"model": "taggit.taggeditem", "pk": 2, "fields": {"tag": 2, "content_type": 6, "object_id": 2}}, {"model": "taggit.taggeditem", "pk": 3, "fields": {"tag": 2, "content_type": 6, "object_id": 3}}, {"model": "taggit.taggeditem", "pk": 4, "fields": {"tag": 1, "content_type": 6, "object_id": 4}}, {"model": "taggit.taggeditem", "pk": 5, "fields": {"tag": 2, "content_type": 6, "object_id": 5}}, {"model": "taggit.taggeditem", "pk": 6, "fields": {"tag": 2, "content_type": 6, "object_id": 6}}, {"model": "taggit.taggeditem", "pk": 7, "fields": {"tag": 2, "content_type": 6, "object_id": 7}}, {"model": "taggit.taggeditem", "pk": 8, "fields": {"tag": 3, "content_type": 6, "object_id": 8}}, {"model": "taggit.taggeditem", "pk": 9, "fields": {"tag": 4, "content_type": 5, "object_id": 1}}, {"model": "admin.logentry", "pk": 1, "fields": {"action_time": "2022-10-19T23:02:55.978Z", "user": 1, "content_type": 41, "object_id": "3", "object_repr": "LandingEditor", "action_flag": 1, "change_message": "[{\"added\": {}}]"}}, {"model": "auth.permission", "pk": 1, "fields": {"name": "Can access Wagtail admin", "content_type": 3, "codename": "access_admin"}}, {"model": "auth.permission", "pk": 2, "fields": {"name": "Can add document", "content_type": 5, "codename": "add_document"}}, {"model": "auth.permission", "pk": 3, "fields": {"name": "Can change document", "content_type": 5, "codename": "change_document"}}, {"model": "auth.permission", "pk": 4, "fields": {"name": "Can delete document", "content_type": 5, "codename": "delete_document"}}, {"model": "auth.permission", "pk": 5, "fields": {"name": "Can choose document", "content_type": 5, "codename": "choose_document"}}, {"model": "auth.permission", "pk": 6, "fields": {"name": "Can add image", "content_type": 6, "codename": "add_image"}}, {"model": "auth.permission", "pk": 7, "fields": {"name": "Can change image", "content_type": 6, "codename": "change_image"}}, {"model": "auth.permission", "pk": 8, "fields": {"name": "Can delete image", "content_type": 6, "codename": "delete_image"}}, {"model": "auth.permission", "pk": 9, "fields": {"name": "Can choose image", "content_type": 6, "codename": "choose_image"}}, {"model": "auth.permission", "pk": 10, "fields": {"name": "Can add home page", "content_type": 2, "codename": "add_homepage"}}, {"model": "auth.permission", "pk": 11, "fields": {"name": "Can change home page", "content_type": 2, "codename": "change_homepage"}}, {"model": "auth.permission", "pk": 12, "fields": {"name": "Can delete home page", "content_type": 2, "codename": "delete_homepage"}}, {"model": "auth.permission", "pk": 13, "fields": {"name": "Can view home page", "content_type": 2, "codename": "view_homepage"}}, {"model": "auth.permission", "pk": 14, "fields": {"name": "Can add form submission", "content_type": 7, "codename": "add_formsubmission"}}, {"model": "auth.permission", "pk": 15, "fields": {"name": "Can change form submission", "content_type": 7, "codename": "change_formsubmission"}}, {"model": "auth.permission", "pk": 16, "fields": {"name": "Can delete form submission", "content_type": 7, "codename": "delete_formsubmission"}}, {"model": "auth.permission", "pk": 17, "fields": {"name": "Can view form submission", "content_type": 7, "codename": "view_formsubmission"}}, {"model": "auth.permission", "pk": 18, "fields": {"name": "Can add redirect", "content_type": 8, "codename": "add_redirect"}}, {"model": "auth.permission", "pk": 19, "fields": {"name": "Can change redirect", "content_type": 8, "codename": "change_redirect"}}, {"model": "auth.permission", "pk": 20, "fields": {"name": "Can delete redirect", "content_type": 8, "codename": "delete_redirect"}}, {"model": "auth.permission", "pk": 21, "fields": {"name": "Can view redirect", "content_type": 8, "codename": "view_redirect"}}, {"model": "auth.permission", "pk": 22, "fields": {"name": "Can add embed", "content_type": 9, "codename": "add_embed"}}, {"model": "auth.permission", "pk": 23, "fields": {"name": "Can change embed", "content_type": 9, "codename": "change_embed"}}, {"model": "auth.permission", "pk": 24, "fields": {"name": "Can delete embed", "content_type": 9, "codename": "delete_embed"}}, {"model": "auth.permission", "pk": 25, "fields": {"name": "Can view embed", "content_type": 9, "codename": "view_embed"}}, {"model": "auth.permission", "pk": 26, "fields": {"name": "Can add user profile", "content_type": 10, "codename": "add_userprofile"}}, {"model": "auth.permission", "pk": 27, "fields": {"name": "Can change user profile", "content_type": 10, "codename": "change_userprofile"}}, {"model": "auth.permission", "pk": 28, "fields": {"name": "Can delete user profile", "content_type": 10, "codename": "delete_userprofile"}}, {"model": "auth.permission", "pk": 29, "fields": {"name": "Can view user profile", "content_type": 10, "codename": "view_userprofile"}}, {"model": "auth.permission", "pk": 30, "fields": {"name": "Can view document", "content_type": 5, "codename": "view_document"}}, {"model": "auth.permission", "pk": 31, "fields": {"name": "Can add uploaded document", "content_type": 11, "codename": "add_uploadeddocument"}}, {"model": "auth.permission", "pk": 32, "fields": {"name": "Can change uploaded document", "content_type": 11, "codename": "change_uploadeddocument"}}, {"model": "auth.permission", "pk": 33, "fields": {"name": "Can delete uploaded document", "content_type": 11, "codename": "delete_uploadeddocument"}}, {"model": "auth.permission", "pk": 34, "fields": {"name": "Can view uploaded document", "content_type": 11, "codename": "view_uploadeddocument"}}, {"model": "auth.permission", "pk": 35, "fields": {"name": "Can view image", "content_type": 6, "codename": "view_image"}}, {"model": "auth.permission", "pk": 36, "fields": {"name": "Can add rendition", "content_type": 12, "codename": "add_rendition"}}, {"model": "auth.permission", "pk": 37, "fields": {"name": "Can change rendition", "content_type": 12, "codename": "change_rendition"}}, {"model": "auth.permission", "pk": 38, "fields": {"name": "Can delete rendition", "content_type": 12, "codename": "delete_rendition"}}, {"model": "auth.permission", "pk": 39, "fields": {"name": "Can view rendition", "content_type": 12, "codename": "view_rendition"}}, {"model": "auth.permission", "pk": 40, "fields": {"name": "Can add uploaded image", "content_type": 13, "codename": "add_uploadedimage"}}, {"model": "auth.permission", "pk": 41, "fields": {"name": "Can change uploaded image", "content_type": 13, "codename": "change_uploadedimage"}}, {"model": "auth.permission", "pk": 42, "fields": {"name": "Can delete uploaded image", "content_type": 13, "codename": "delete_uploadedimage"}}, {"model": "auth.permission", "pk": 43, "fields": {"name": "Can view uploaded image", "content_type": 13, "codename": "view_uploadedimage"}}, {"model": "auth.permission", "pk": 44, "fields": {"name": "Can add query", "content_type": 14, "codename": "add_query"}}, {"model": "auth.permission", "pk": 45, "fields": {"name": "Can change query", "content_type": 14, "codename": "change_query"}}, {"model": "auth.permission", "pk": 46, "fields": {"name": "Can delete query", "content_type": 14, "codename": "delete_query"}}, {"model": "auth.permission", "pk": 47, "fields": {"name": "Can view query", "content_type": 14, "codename": "view_query"}}, {"model": "auth.permission", "pk": 48, "fields": {"name": "Can add Query Daily Hits", "content_type": 15, "codename": "add_querydailyhits"}}, {"model": "auth.permission", "pk": 49, "fields": {"name": "Can change Query Daily Hits", "content_type": 15, "codename": "change_querydailyhits"}}, {"model": "auth.permission", "pk": 50, "fields": {"name": "Can delete Query Daily Hits", "content_type": 15, "codename": "delete_querydailyhits"}}, {"model": "auth.permission", "pk": 51, "fields": {"name": "Can view Query Daily Hits", "content_type": 15, "codename": "view_querydailyhits"}}, {"model": "auth.permission", "pk": 52, "fields": {"name": "Can add index entry", "content_type": 16, "codename": "add_indexentry"}}, {"model": "auth.permission", "pk": 53, "fields": {"name": "Can change index entry", "content_type": 16, "codename": "change_indexentry"}}, {"model": "auth.permission", "pk": 54, "fields": {"name": "Can delete index entry", "content_type": 16, "codename": "delete_indexentry"}}, {"model": "auth.permission", "pk": 55, "fields": {"name": "Can view index entry", "content_type": 16, "codename": "view_indexentry"}}, {"model": "auth.permission", "pk": 56, "fields": {"name": "Can add sqliteftsindexentry", "content_type": 17, "codename": "add_sqliteftsindexentry"}}, {"model": "auth.permission", "pk": 57, "fields": {"name": "Can change sqliteftsindexentry", "content_type": 17, "codename": "change_sqliteftsindexentry"}}, {"model": "auth.permission", "pk": 58, "fields": {"name": "Can delete sqliteftsindexentry", "content_type": 17, "codename": "delete_sqliteftsindexentry"}}, {"model": "auth.permission", "pk": 59, "fields": {"name": "Can view sqliteftsindexentry", "content_type": 17, "codename": "view_sqliteftsindexentry"}}, {"model": "auth.permission", "pk": 60, "fields": {"name": "Can add page", "content_type": 1, "codename": "add_page"}}, {"model": "auth.permission", "pk": 61, "fields": {"name": "Can change page", "content_type": 1, "codename": "change_page"}}, {"model": "auth.permission", "pk": 62, "fields": {"name": "Can delete page", "content_type": 1, "codename": "delete_page"}}, {"model": "auth.permission", "pk": 63, "fields": {"name": "Can view page", "content_type": 1, "codename": "view_page"}}, {"model": "auth.permission", "pk": 64, "fields": {"name": "Can add group page permission", "content_type": 18, "codename": "add_grouppagepermission"}}, {"model": "auth.permission", "pk": 65, "fields": {"name": "Can change group page permission", "content_type": 18, "codename": "change_grouppagepermission"}}, {"model": "auth.permission", "pk": 66, "fields": {"name": "Can delete group page permission", "content_type": 18, "codename": "delete_grouppagepermission"}}, {"model": "auth.permission", "pk": 67, "fields": {"name": "Can view group page permission", "content_type": 18, "codename": "view_grouppagepermission"}}, {"model": "auth.permission", "pk": 68, "fields": {"name": "Can add page view restriction", "content_type": 19, "codename": "add_pageviewrestriction"}}, {"model": "auth.permission", "pk": 69, "fields": {"name": "Can change page view restriction", "content_type": 19, "codename": "change_pageviewrestriction"}}, {"model": "auth.permission", "pk": 70, "fields": {"name": "Can delete page view restriction", "content_type": 19, "codename": "delete_pageviewrestriction"}}, {"model": "auth.permission", "pk": 71, "fields": {"name": "Can view page view restriction", "content_type": 19, "codename": "view_pageviewrestriction"}}, {"model": "auth.permission", "pk": 72, "fields": {"name": "Can add site", "content_type": 20, "codename": "add_site"}}, {"model": "auth.permission", "pk": 73, "fields": {"name": "Can change site", "content_type": 20, "codename": "change_site"}}, {"model": "auth.permission", "pk": 74, "fields": {"name": "Can delete site", "content_type": 20, "codename": "delete_site"}}, {"model": "auth.permission", "pk": 75, "fields": {"name": "Can view site", "content_type": 20, "codename": "view_site"}}, {"model": "auth.permission", "pk": 76, "fields": {"name": "Can add collection", "content_type": 21, "codename": "add_collection"}}, {"model": "auth.permission", "pk": 77, "fields": {"name": "Can change collection", "content_type": 21, "codename": "change_collection"}}, {"model": "auth.permission", "pk": 78, "fields": {"name": "Can delete collection", "content_type": 21, "codename": "delete_collection"}}, {"model": "auth.permission", "pk": 79, "fields": {"name": "Can view collection", "content_type": 21, "codename": "view_collection"}}, {"model": "auth.permission", "pk": 80, "fields": {"name": "Can add group collection permission", "content_type": 22, "codename": "add_groupcollectionpermission"}}, {"model": "auth.permission", "pk": 81, "fields": {"name": "Can change group collection permission", "content_type": 22, "codename": "change_groupcollectionpermission"}}, {"model": "auth.permission", "pk": 82, "fields": {"name": "Can delete group collection permission", "content_type": 22, "codename": "delete_groupcollectionpermission"}}, {"model": "auth.permission", "pk": 83, "fields": {"name": "Can view group collection permission", "content_type": 22, "codename": "view_groupcollectionpermission"}}, {"model": "auth.permission", "pk": 84, "fields": {"name": "Can add collection view restriction", "content_type": 23, "codename": "add_collectionviewrestriction"}}, {"model": "auth.permission", "pk": 85, "fields": {"name": "Can change collection view restriction", "content_type": 23, "codename": "change_collectionviewrestriction"}}, {"model": "auth.permission", "pk": 86, "fields": {"name": "Can delete collection view restriction", "content_type": 23, "codename": "delete_collectionviewrestriction"}}, {"model": "auth.permission", "pk": 87, "fields": {"name": "Can view collection view restriction", "content_type": 23, "codename": "view_collectionviewrestriction"}}, {"model": "auth.permission", "pk": 88, "fields": {"name": "Can add task", "content_type": 24, "codename": "add_task"}}, {"model": "auth.permission", "pk": 89, "fields": {"name": "Can change task", "content_type": 24, "codename": "change_task"}}, {"model": "auth.permission", "pk": 90, "fields": {"name": "Can delete task", "content_type": 24, "codename": "delete_task"}}, {"model": "auth.permission", "pk": 91, "fields": {"name": "Can view task", "content_type": 24, "codename": "view_task"}}, {"model": "auth.permission", "pk": 92, "fields": {"name": "Can add Task state", "content_type": 25, "codename": "add_taskstate"}}, {"model": "auth.permission", "pk": 93, "fields": {"name": "Can change Task state", "content_type": 25, "codename": "change_taskstate"}}, {"model": "auth.permission", "pk": 94, "fields": {"name": "Can delete Task state", "content_type": 25, "codename": "delete_taskstate"}}, {"model": "auth.permission", "pk": 95, "fields": {"name": "Can view Task state", "content_type": 25, "codename": "view_taskstate"}}, {"model": "auth.permission", "pk": 96, "fields": {"name": "Can add workflow", "content_type": 26, "codename": "add_workflow"}}, {"model": "auth.permission", "pk": 97, "fields": {"name": "Can change workflow", "content_type": 26, "codename": "change_workflow"}}, {"model": "auth.permission", "pk": 98, "fields": {"name": "Can delete workflow", "content_type": 26, "codename": "delete_workflow"}}, {"model": "auth.permission", "pk": 99, "fields": {"name": "Can view workflow", "content_type": 26, "codename": "view_workflow"}}, {"model": "auth.permission", "pk": 100, "fields": {"name": "Can add Group approval task", "content_type": 4, "codename": "add_groupapprovaltask"}}, {"model": "auth.permission", "pk": 101, "fields": {"name": "Can change Group approval task", "content_type": 4, "codename": "change_groupapprovaltask"}}, {"model": "auth.permission", "pk": 102, "fields": {"name": "Can delete Group approval task", "content_type": 4, "codename": "delete_groupapprovaltask"}}, {"model": "auth.permission", "pk": 103, "fields": {"name": "Can view Group approval task", "content_type": 4, "codename": "view_groupapprovaltask"}}, {"model": "auth.permission", "pk": 104, "fields": {"name": "Can add Workflow state", "content_type": 27, "codename": "add_workflowstate"}}, {"model": "auth.permission", "pk": 105, "fields": {"name": "Can change Workflow state", "content_type": 27, "codename": "change_workflowstate"}}, {"model": "auth.permission", "pk": 106, "fields": {"name": "Can delete Workflow state", "content_type": 27, "codename": "delete_workflowstate"}}, {"model": "auth.permission", "pk": 107, "fields": {"name": "Can view Workflow state", "content_type": 27, "codename": "view_workflowstate"}}, {"model": "auth.permission", "pk": 108, "fields": {"name": "Can add workflow page", "content_type": 28, "codename": "add_workflowpage"}}, {"model": "auth.permission", "pk": 109, "fields": {"name": "Can change workflow page", "content_type": 28, "codename": "change_workflowpage"}}, {"model": "auth.permission", "pk": 110, "fields": {"name": "Can delete workflow page", "content_type": 28, "codename": "delete_workflowpage"}}, {"model": "auth.permission", "pk": 111, "fields": {"name": "Can view workflow page", "content_type": 28, "codename": "view_workflowpage"}}, {"model": "auth.permission", "pk": 112, "fields": {"name": "Can add workflow task order", "content_type": 29, "codename": "add_workflowtask"}}, {"model": "auth.permission", "pk": 113, "fields": {"name": "Can change workflow task order", "content_type": 29, "codename": "change_workflowtask"}}, {"model": "auth.permission", "pk": 114, "fields": {"name": "Can delete workflow task order", "content_type": 29, "codename": "delete_workflowtask"}}, {"model": "auth.permission", "pk": 115, "fields": {"name": "Can view workflow task order", "content_type": 29, "codename": "view_workflowtask"}}, {"model": "auth.permission", "pk": 116, "fields": {"name": "Can add page log entry", "content_type": 30, "codename": "add_pagelogentry"}}, {"model": "auth.permission", "pk": 117, "fields": {"name": "Can change page log entry", "content_type": 30, "codename": "change_pagelogentry"}}, {"model": "auth.permission", "pk": 118, "fields": {"name": "Can delete page log entry", "content_type": 30, "codename": "delete_pagelogentry"}}, {"model": "auth.permission", "pk": 119, "fields": {"name": "Can view page log entry", "content_type": 30, "codename": "view_pagelogentry"}}, {"model": "auth.permission", "pk": 120, "fields": {"name": "Can add locale", "content_type": 31, "codename": "add_locale"}}, {"model": "auth.permission", "pk": 121, "fields": {"name": "Can change locale", "content_type": 31, "codename": "change_locale"}}, {"model": "auth.permission", "pk": 122, "fields": {"name": "Can delete locale", "content_type": 31, "codename": "delete_locale"}}, {"model": "auth.permission", "pk": 123, "fields": {"name": "Can view locale", "content_type": 31, "codename": "view_locale"}}, {"model": "auth.permission", "pk": 124, "fields": {"name": "Can add comment", "content_type": 32, "codename": "add_comment"}}, {"model": "auth.permission", "pk": 125, "fields": {"name": "Can change comment", "content_type": 32, "codename": "change_comment"}}, {"model": "auth.permission", "pk": 126, "fields": {"name": "Can delete comment", "content_type": 32, "codename": "delete_comment"}}, {"model": "auth.permission", "pk": 127, "fields": {"name": "Can view comment", "content_type": 32, "codename": "view_comment"}}, {"model": "auth.permission", "pk": 128, "fields": {"name": "Can add comment reply", "content_type": 33, "codename": "add_commentreply"}}, {"model": "auth.permission", "pk": 129, "fields": {"name": "Can change comment reply", "content_type": 33, "codename": "change_commentreply"}}, {"model": "auth.permission", "pk": 130, "fields": {"name": "Can delete comment reply", "content_type": 33, "codename": "delete_commentreply"}}, {"model": "auth.permission", "pk": 131, "fields": {"name": "Can view comment reply", "content_type": 33, "codename": "view_commentreply"}}, {"model": "auth.permission", "pk": 132, "fields": {"name": "Can add page subscription", "content_type": 34, "codename": "add_pagesubscription"}}, {"model": "auth.permission", "pk": 133, "fields": {"name": "Can change page subscription", "content_type": 34, "codename": "change_pagesubscription"}}, {"model": "auth.permission", "pk": 134, "fields": {"name": "Can delete page subscription", "content_type": 34, "codename": "delete_pagesubscription"}}, {"model": "auth.permission", "pk": 135, "fields": {"name": "Can view page subscription", "content_type": 34, "codename": "view_pagesubscription"}}, {"model": "auth.permission", "pk": 136, "fields": {"name": "Can add model log entry", "content_type": 35, "codename": "add_modellogentry"}}, {"model": "auth.permission", "pk": 137, "fields": {"name": "Can change model log entry", "content_type": 35, "codename": "change_modellogentry"}}, {"model": "auth.permission", "pk": 138, "fields": {"name": "Can delete model log entry", "content_type": 35, "codename": "delete_modellogentry"}}, {"model": "auth.permission", "pk": 139, "fields": {"name": "Can view model log entry", "content_type": 35, "codename": "view_modellogentry"}}, {"model": "auth.permission", "pk": 140, "fields": {"name": "Can add revision", "content_type": 36, "codename": "add_revision"}}, {"model": "auth.permission", "pk": 141, "fields": {"name": "Can change revision", "content_type": 36, "codename": "change_revision"}}, {"model": "auth.permission", "pk": 142, "fields": {"name": "Can delete revision", "content_type": 36, "codename": "delete_revision"}}, {"model": "auth.permission", "pk": 143, "fields": {"name": "Can view revision", "content_type": 36, "codename": "view_revision"}}, {"model": "auth.permission", "pk": 144, "fields": {"name": "Can add tag", "content_type": 37, "codename": "add_tag"}}, {"model": "auth.permission", "pk": 145, "fields": {"name": "Can change tag", "content_type": 37, "codename": "change_tag"}}, {"model": "auth.permission", "pk": 146, "fields": {"name": "Can delete tag", "content_type": 37, "codename": "delete_tag"}}, {"model": "auth.permission", "pk": 147, "fields": {"name": "Can view tag", "content_type": 37, "codename": "view_tag"}}, {"model": "auth.permission", "pk": 148, "fields": {"name": "Can add tagged item", "content_type": 38, "codename": "add_taggeditem"}}, {"model": "auth.permission", "pk": 149, "fields": {"name": "Can change tagged item", "content_type": 38, "codename": "change_taggeditem"}}, {"model": "auth.permission", "pk": 150, "fields": {"name": "Can delete tagged item", "content_type": 38, "codename": "delete_taggeditem"}}, {"model": "auth.permission", "pk": 151, "fields": {"name": "Can view tagged item", "content_type": 38, "codename": "view_taggeditem"}}, {"model": "auth.permission", "pk": 152, "fields": {"name": "Can add log entry", "content_type": 39, "codename": "add_logentry"}}, {"model": "auth.permission", "pk": 153, "fields": {"name": "Can change log entry", "content_type": 39, "codename": "change_logentry"}}, {"model": "auth.permission", "pk": 154, "fields": {"name": "Can delete log entry", "content_type": 39, "codename": "delete_logentry"}}, {"model": "auth.permission", "pk": 155, "fields": {"name": "Can view log entry", "content_type": 39, "codename": "view_logentry"}}, {"model": "auth.permission", "pk": 156, "fields": {"name": "Can add permission", "content_type": 40, "codename": "add_permission"}}, {"model": "auth.permission", "pk": 157, "fields": {"name": "Can change permission", "content_type": 40, "codename": "change_permission"}}, {"model": "auth.permission", "pk": 158, "fields": {"name": "Can delete permission", "content_type": 40, "codename": "delete_permission"}}, {"model": "auth.permission", "pk": 159, "fields": {"name": "Can view permission", "content_type": 40, "codename": "view_permission"}}, {"model": "auth.permission", "pk": 160, "fields": {"name": "Can add group", "content_type": 41, "codename": "add_group"}}, {"model": "auth.permission", "pk": 161, "fields": {"name": "Can change group", "content_type": 41, "codename": "change_group"}}, {"model": "auth.permission", "pk": 162, "fields": {"name": "Can delete group", "content_type": 41, "codename": "delete_group"}}, {"model": "auth.permission", "pk": 163, "fields": {"name": "Can view group", "content_type": 41, "codename": "view_group"}}, {"model": "auth.permission", "pk": 164, "fields": {"name": "Can add user", "content_type": 42, "codename": "add_user"}}, {"model": "auth.permission", "pk": 165, "fields": {"name": "Can change user", "content_type": 42, "codename": "change_user"}}, {"model": "auth.permission", "pk": 166, "fields": {"name": "Can delete user", "content_type": 42, "codename": "delete_user"}}, {"model": "auth.permission", "pk": 167, "fields": {"name": "Can view user", "content_type": 42, "codename": "view_user"}}, {"model": "auth.permission", "pk": 168, "fields": {"name": "Can add content type", "content_type": 43, "codename": "add_contenttype"}}, {"model": "auth.permission", "pk": 169, "fields": {"name": "Can change content type", "content_type": 43, "codename": "change_contenttype"}}, {"model": "auth.permission", "pk": 170, "fields": {"name": "Can delete content type", "content_type": 43, "codename": "delete_contenttype"}}, {"model": "auth.permission", "pk": 171, "fields": {"name": "Can view content type", "content_type": 43, "codename": "view_contenttype"}}, {"model": "auth.permission", "pk": 172, "fields": {"name": "Can add session", "content_type": 44, "codename": "add_session"}}, {"model": "auth.permission", "pk": 173, "fields": {"name": "Can change session", "content_type": 44, "codename": "change_session"}}, {"model": "auth.permission", "pk": 174, "fields": {"name": "Can delete session", "content_type": 44, "codename": "delete_session"}}, {"model": "auth.permission", "pk": 175, "fields": {"name": "Can view session", "content_type": 44, "codename": "view_session"}}, {"model": "auth.permission", "pk": 176, "fields": {"name": "Can add hero page", "content_type": 45, "codename": "add_heropage"}}, {"model": "auth.permission", "pk": 177, "fields": {"name": "Can change hero page", "content_type": 45, "codename": "change_heropage"}}, {"model": "auth.permission", "pk": 178, "fields": {"name": "Can delete hero page", "content_type": 45, "codename": "delete_heropage"}}, {"model": "auth.permission", "pk": 179, "fields": {"name": "Can view hero page", "content_type": 45, "codename": "view_heropage"}}, {"model": "auth.permission", "pk": 180, "fields": {"name": "Can add carrousel", "content_type": 46, "codename": "add_carrousel"}}, {"model": "auth.permission", "pk": 181, "fields": {"name": "Can change carrousel", "content_type": 46, "codename": "change_carrousel"}}, {"model": "auth.permission", "pk": 182, "fields": {"name": "Can delete carrousel", "content_type": 46, "codename": "delete_carrousel"}}, {"model": "auth.permission", "pk": 183, "fields": {"name": "Can view carrousel", "content_type": 46, "codename": "view_carrousel"}}, {"model": "auth.permission", "pk": 184, "fields": {"name": "Can add sections", "content_type": 47, "codename": "add_sections"}}, {"model": "auth.permission", "pk": 185, "fields": {"name": "Can change sections", "content_type": 47, "codename": "change_sections"}}, {"model": "auth.permission", "pk": 186, "fields": {"name": "Can delete sections", "content_type": 47, "codename": "delete_sections"}}, {"model": "auth.permission", "pk": 187, "fields": {"name": "Can view sections", "content_type": 47, "codename": "view_sections"}}, {"model": "auth.permission", "pk": 188, "fields": {"name": "Can add card section page", "content_type": 48, "codename": "add_cardsectionpage"}}, {"model": "auth.permission", "pk": 189, "fields": {"name": "Can change card section page", "content_type": 48, "codename": "change_cardsectionpage"}}, {"model": "auth.permission", "pk": 190, "fields": {"name": "Can delete card section page", "content_type": 48, "codename": "delete_cardsectionpage"}}, {"model": "auth.permission", "pk": 191, "fields": {"name": "Can view card section page", "content_type": 48, "codename": "view_cardsectionpage"}}, {"model": "auth.permission", "pk": 192, "fields": {"name": "Can add carrousel page", "content_type": 49, "codename": "add_carrouselpage"}}, {"model": "auth.permission", "pk": 193, "fields": {"name": "Can change carrousel page", "content_type": 49, "codename": "change_carrouselpage"}}, {"model": "auth.permission", "pk": 194, "fields": {"name": "Can delete carrousel page", "content_type": 49, "codename": "delete_carrouselpage"}}, {"model": "auth.permission", "pk": 195, "fields": {"name": "Can view carrousel page", "content_type": 49, "codename": "view_carrouselpage"}}, {"model": "auth.permission", "pk": 196, "fields": {"name": "Can add Flex Page", "content_type": 50, "codename": "add_flexpage"}}, {"model": "auth.permission", "pk": 197, "fields": {"name": "Can change Flex Page", "content_type": 50, "codename": "change_flexpage"}}, {"model": "auth.permission", "pk": 198, "fields": {"name": "Can delete Flex Page", "content_type": 50, "codename": "delete_flexpage"}}, {"model": "auth.permission", "pk": 199, "fields": {"name": "Can view Flex Page", "content_type": 50, "codename": "view_flexpage"}}, {"model": "auth.permission", "pk": 200, "fields": {"name": "Can add flex container", "content_type": 51, "codename": "add_flexcontainer"}}, {"model": "auth.permission", "pk": 201, "fields": {"name": "Can change flex container", "content_type": 51, "codename": "change_flexcontainer"}}, {"model": "auth.permission", "pk": 202, "fields": {"name": "Can delete flex container", "content_type": 51, "codename": "delete_flexcontainer"}}, {"model": "auth.permission", "pk": 203, "fields": {"name": "Can view flex container", "content_type": 51, "codename": "view_flexcontainer"}}, {"model": "auth.group", "pk": 1, "fields": {"name": "Moderators", "permissions": [1, 2, 3, 5, 4, 6, 7, 9, 8]}}, {"model": "auth.group", "pk": 2, "fields": {"name": "Editors", "permissions": [1, 2, 3, 5, 4, 6, 7, 9, 8]}}, {"model": "auth.group", "pk": 3, "fields": {"name": "LandingEditor", "permissions": [1, 2, 3, 30, 6, 7, 9, 8]}}, {"model": "auth.user", "pk": 1, "fields": {"password": "pbkdf2_sha256$390000$aScLf2Ur38DXvKNvaPyBLC$GVs3+F8+PLVKHEHvHjdOnxIOss8auovN7zjw8+b60wE=", "last_login": "2022-11-01T17:16:12.347Z", "is_superuser": true, "username": "juanpabloch", "first_name": "", "last_name": "", "email": "juanpablochoter@gmail.com", "is_staff": true, "is_active": true, "date_joined": "2022-10-18T15:03:29.543Z", "groups": [], "user_permissions": []}}, {"model": "auth.user", "pk": 2, "fields": {"password": "pbkdf2_sha256$390000$DcWv3VgamE5DKP9asCSI4i$ASliOk8DhNAnlhF6g1cvTGO83x44ah405M8xbUwIAYE=", "last_login": "2022-11-01T17:44:50.331Z", "is_superuser": false, "username": "juanpa", "first_name": "juan", "last_name": "pa", "email": "juanpablo@mail.com", "is_staff": false, "is_active": true, "date_joined": "2022-10-19T23:00:09.270Z", "groups": [3], "user_permissions": []}}, {"model": "auth.user", "pk": 3, "fields": {"password": "pbkdf2_sha256$390000$G0B71elxp2vgsYonMObPgu$fCKccCKrLJdNxCCMCYOtZYfFuIwkI2UGrTxV9TvE4js=", "last_login": "2022-11-01T17:22:18.550Z", "is_superuser": false, "username": "alexis", "first_name": "alexis", "last_name": "rojas", "email": "alexis@mail.com", "is_staff": false, "is_active": true, "date_joined": "2022-11-01T17:22:03.342Z", "groups": [1], "user_permissions": []}}, {"model": "contenttypes.contenttype", "pk": 1, "fields": {"app_label": "wagtailcore", "model": "page"}}, {"model": "contenttypes.contenttype", "pk": 2, "fields": {"app_label": "home", "model": "homepage"}}, {"model": "contenttypes.contenttype", "pk": 3, "fields": {"app_label": "wagtailadmin", "model": "admin"}}, {"model": "contenttypes.contenttype", "pk": 4, "fields": {"app_label": "wagtailcore", "model": "groupapprovaltask"}}, {"model": "contenttypes.contenttype", "pk": 5, "fields": {"app_label": "wagtaildocs", "model": "document"}}, {"model": "contenttypes.contenttype", "pk": 6, "fields": {"app_label": "wagtailimages", "model": "image"}}, {"model": "contenttypes.contenttype", "pk": 7, "fields": {"app_label": "wagtailforms", "model": "formsubmission"}}, {"model": "contenttypes.contenttype", "pk": 8, "fields": {"app_label": "wagtailredirects", "model": "redirect"}}, {"model": "contenttypes.contenttype", "pk": 9, "fields": {"app_label": "wagtailembeds", "model": "embed"}}, {"model": "contenttypes.contenttype", "pk": 10, "fields": {"app_label": "wagtailusers", "model": "userprofile"}}, {"model": "contenttypes.contenttype", "pk": 11, "fields": {"app_label": "wagtaildocs", "model": "uploadeddocument"}}, {"model": "contenttypes.contenttype", "pk": 12, "fields": {"app_label": "wagtailimages", "model": "rendition"}}, {"model": "contenttypes.contenttype", "pk": 13, "fields": {"app_label": "wagtailimages", "model": "uploadedimage"}}, {"model": "contenttypes.contenttype", "pk": 14, "fields": {"app_label": "wagtailsearch", "model": "query"}}, {"model": "contenttypes.contenttype", "pk": 15, "fields": {"app_label": "wagtailsearch", "model": "querydailyhits"}}, {"model": "contenttypes.contenttype", "pk": 16, "fields": {"app_label": "wagtailsearch", "model": "indexentry"}}, {"model": "contenttypes.contenttype", "pk": 17, "fields": {"app_label": "wagtailsearch", "model": "sqliteftsindexentry"}}, {"model": "contenttypes.contenttype", "pk": 18, "fields": {"app_label": "wagtailcore", "model": "grouppagepermission"}}, {"model": "contenttypes.contenttype", "pk": 19, "fields": {"app_label": "wagtailcore", "model": "pageviewrestriction"}}, {"model": "contenttypes.contenttype", "pk": 20, "fields": {"app_label": "wagtailcore", "model": "site"}}, {"model": "contenttypes.contenttype", "pk": 21, "fields": {"app_label": "wagtailcore", "model": "collection"}}, {"model": "contenttypes.contenttype", "pk": 22, "fields": {"app_label": "wagtailcore", "model": "groupcollectionpermission"}}, {"model": "contenttypes.contenttype", "pk": 23, "fields": {"app_label": "wagtailcore", "model": "collectionviewrestriction"}}, {"model": "contenttypes.contenttype", "pk": 24, "fields": {"app_label": "wagtailcore", "model": "task"}}, {"model": "contenttypes.contenttype", "pk": 25, "fields": {"app_label": "wagtailcore", "model": "taskstate"}}, {"model": "contenttypes.contenttype", "pk": 26, "fields": {"app_label": "wagtailcore", "model": "workflow"}}, {"model": "contenttypes.contenttype", "pk": 27, "fields": {"app_label": "wagtailcore", "model": "workflowstate"}}, {"model": "contenttypes.contenttype", "pk": 28, "fields": {"app_label": "wagtailcore", "model": "workflowpage"}}, {"model": "contenttypes.contenttype", "pk": 29, "fields": {"app_label": "wagtailcore", "model": "workflowtask"}}, {"model": "contenttypes.contenttype", "pk": 30, "fields": {"app_label": "wagtailcore", "model": "pagelogentry"}}, {"model": "contenttypes.contenttype", "pk": 31, "fields": {"app_label": "wagtailcore", "model": "locale"}}, {"model": "contenttypes.contenttype", "pk": 32, "fields": {"app_label": "wagtailcore", "model": "comment"}}, {"model": "contenttypes.contenttype", "pk": 33, "fields": {"app_label": "wagtailcore", "model": "commentreply"}}, {"model": "contenttypes.contenttype", "pk": 34, "fields": {"app_label": "wagtailcore", "model": "pagesubscription"}}, {"model": "contenttypes.contenttype", "pk": 35, "fields": {"app_label": "wagtailcore", "model": "modellogentry"}}, {"model": "contenttypes.contenttype", "pk": 36, "fields": {"app_label": "wagtailcore", "model": "revision"}}, {"model": "contenttypes.contenttype", "pk": 37, "fields": {"app_label": "taggit", "model": "tag"}}, {"model": "contenttypes.contenttype", "pk": 38, "fields": {"app_label": "taggit", "model": "taggeditem"}}, {"model": "contenttypes.contenttype", "pk": 39, "fields": {"app_label": "admin", "model": "logentry"}}, {"model": "contenttypes.contenttype", "pk": 40, "fields": {"app_label": "auth", "model": "permission"}}, {"model": "contenttypes.contenttype", "pk": 41, "fields": {"app_label": "auth", "model": "group"}}, {"model": "contenttypes.contenttype", "pk": 42, "fields": {"app_label": "auth", "model": "user"}}, {"model": "contenttypes.contenttype", "pk": 43, "fields": {"app_label": "contenttypes", "model": "contenttype"}}, {"model": "contenttypes.contenttype", "pk": 44, "fields": {"app_label": "sessions", "model": "session"}}, {"model": "contenttypes.contenttype", "pk": 45, "fields": {"app_label": "home", "model": "heropage"}}, {"model": "contenttypes.contenttype", "pk": 46, "fields": {"app_label": "home", "model": "carrousel"}}, {"model": "contenttypes.contenttype", "pk": 47, "fields": {"app_label": "home", "model": "sections"}}, {"model": "contenttypes.contenttype", "pk": 48, "fields": {"app_label": "home", "model": "cardsectionpage"}}, {"model": "contenttypes.contenttype", "pk": 49, "fields": {"app_label": "home", "model": "carrouselpage"}}, {"model": "contenttypes.contenttype", "pk": 50, "fields": {"app_label": "flex", "model": "flexpage"}}, {"model": "contenttypes.contenttype", "pk": 51, "fields": {"app_label": "flex", "model": "flexcontainer"}}, {"model": "sessions.session", "pk": "2lqi7nxre4a1k56nbg6zgjhxrk402xiu", "fields": {"session_data": ".eJxVjEEOwiAUBe_C2hBKKdAu3XsG8oGnRQ00pU00xrtrky50-2bevJijdRndWjG7FNnAGnb43TyFG_IG4pXypfBQ8jInzzeF77TyU4m4H3f3LzBSHb9vklbKc2iglekJTYxSe6u6YETXCSuMD632pNDDtApRkhcB0G1vYQzRFq2oNZXs8JjS_GSDeH8Aj_I_bw:1olI7c:49w7ZLnfw_fkYm26hN9iP_xH9sGnnc6YEorQ1c9QhmM", "expire_date": "2022-11-02T23:05:12.540Z"}}, {"model": "sessions.session", "pk": "3a4cmzhzmglig8vj33uocig61pxpo3rf", "fields": {"session_data": ".eJzlWWtvo0oS_S-Rki89tnhjRsoHG8fxC9vxM8lqZTXQQNuYJtD4kdX-9y3AeUzGns3u3qub0Y5GHqiu7q4-HE5VMf-4WOKMB8ssJcmSuhffL8SLb-9tNnbWJMoH3BWOfFZ1WMQTaldzl-pxNK1azCVh4-j7wwIBTgOYjaWaJHmOSDRFNzARXVfS7JqiOrqgqkJN0G1H1mysEIPoskJcCduCQ4gmGzWi6xjni6YkTSmLlmQf0-Rw8V34drHDPsc0rMQJ2VKyq6gX3_924aSJt6GuG5IdTghnENS1L9fXZkO_f35ox7u9sCW62Jo4Sny_bbjPI8ccDe9b-kPc5M-rnVBPrYnW8UaRPGwSE8_1tnYVkT2_vnLYZkMivowYpx51MId40msWXXHKQ3I9oRw12S5CE44TnsVoxFwHp_zKwUnCAI9waTP3cH2pNy6F5qVQR_DnUpLskDnrFC4u5Tq6VN8NFg76B8Nx1pocXqZIEjd2Gz2_lcyTzvwQkzfvLEr5ISTuLya4JObBcYZwdlVA5W3VaUAS2ERPEUYR2aG4PD2iEeKAyqUkohbLIpckcFYTmTfD4l8cuWiD12BFToA52lEeoJDg3A9hm2Uc8YDQBKVHVFcsSyJySKuo3FE1M0kQjRQlWUgqXkjjmEZ-vnQehcv8DX7ZJyHOwQlhFHnAmywhEBxnyE_YDviMRmFWhLQLDsjJUs42JEHAN5JQEjngDAEV0aCAQCyIeSjNHAeIWWyQwjlDF9kHFBMWhwTWYWgdsR3KIqCoSx2ObRpSfoBtU-oSBIer_uIh0AhiJZP8WY3h9SPvOaI2z80ChsIWpyZ84NU7w8flXpexcPyyBvDwZQpcvCM1HOu6T1NOIgSHzQdKO91gnyyzJLwOOI9TWORSasHfZ5AJkq49lhwfaQq6soGBOLND6sBFMROCbzmGJtew4YmGrSiGKmg1D5TEECVJUgxFUapx5L9tCGitP7vX8bbi7CsYhMLNd_NohEM4SH59lYaZf51SXnGBvJUX9yOpr1LCluVbD5c4cYIlbOMkNM414frKZxDMliwxqEYhWOXlUUDSynQ4rfeXreHYmlwLb-bOoDPtnBqwOoPlYGadGKjfvxu4-CZqmi5LsihIVUWVRF2T__6zTtbO6eRk_Vi_xUbrYd0wx8bdiFLuzepdcy-wm-GhGyTqZm7vk3Ayd7uhQ7VFgEfjfkd0u3ED35H-53TSfGEOmhAnHyuxfiVUJX0xf2mQlZomVKWaKOriCYzFsyDLYqp27-jYwhZb4aC-Wuz4vtmWOr0GPLn-3rRGT8St72_7bDtwu-P7uStnw9uEcVNgoS8eQS6BgZczzzbJAQ2oH-RqjEBX5jhCt8wPTmWeH_NNrgyF8TWdwC_zkqh21KX3Kg-_fYzgRYB3BDSeJZxgkEh4whFG9RVGvSylzhqRFIWF36UpX9abQAGSR0XyWSndxIVZ5DAPpbm2oqcsV2K4BgcKNQZLc39Yw8lCniUYckmMQF7Awmy4fXdEkC7zIwiFBYGGs2JKvnrIfJiXRWALWUJdBsOckiRikBRS2AW7rPp25Nd0-XO2_CE3CqXljFC_gss8LyX8hykhifyXVSS1tBX7vO7bGPab-Q2IbqnOp6T9LRVAXJjjo7XUar0Y-Onxaqkta6cf75-BwH8f_I8zX1PRq8OHHDQhpCCnE5J_n4SOzKLRU0YJx8es8Jp4OgULQW-WIV4efZfAwiWNtlCaRMuScMuCcLkb8HGZ8zFPYywu8kVyqHzcZRX_Ol2djqqICE5G8sWhYgGPPFZO8kFRNASpUr41FZdUQvyyayUP5BjvS0BRHm_utsVRxYd4qwHfhMdkd8blq-uwochVQRQ0XTmhw8o5Gd4vYj9-6rWe5nvXvd14djzks4PaSC01mE4eLa1tNWYDKVzvjHW7O9yN2FYedxWhttWIhzP_c7kOKlR2lf_8aaV_5OCN8OnSPygK6wqLyB9b_D-WdRaCQuul_Un_ysr24wqfglJ2V9qvoj4JJd-xPxbKBQmBVASaiddG0oSTJzj87QDVN34q_sVt6QO0i2hLAUccoiCz86ogygtM6AIPLCv7zdwnf5OzCPDIm7k4YW7mQLOXi3HumrePDFq_1z407zsFAQtQPsBsaAJ_206ukKci810rZSYoVOurq75aq4qyZkiidKr8Ns7pPg66QW-lSU_-k9XHzKytgzA0rWlYo9a40Zt2Jc30bllnPZamnns3tVYPczroU3G86rpTL_qc7tfzDxdXaWaXt-V3jCNzSoxx6fGVQZYlHVpsWZQE7VRqlcRzGFt3-_r0xpiPaL0l2Xsa3PZ60qBj7fYbuhhpXtiYzZmYNLpTx9qRx-d5K1k_PrRtx488qje6_wPG-ZscA5V_H5BlRVWrSk2tqcZJlKVzKJuTR7ILh9yjTf_Zr297qvW4GATsfqappG6JdnPzLHY0wwDWyivJYgp_nj74g2ZTl-qTYPvJbp1FHIbfcD4aiq9feZ56Q9t5cf3ieNcAb02WDf3UxxFJOId3c8LT1bTl84Pcr9fvJG3XlA-9dKdozfndLmFO824w9O8XkdGaKE266m3Xze08mfdGNxNnuJh8Du8R9mmEU9QKyZ7aIUlLbOPSXPHezF8aZUWX5KqkgUobJ0CWz2HMx0-p3zRkTacjffV4yLreojef9eOOf7OSZyvJHAz6QtIVOrNFY5OMap3Frq1NsZoEjVYYD374ONIGeh4TWnH1xQFThKokqJpc007R8ixknbWfLoaDxap1Y95QYbvgw1mj3jcfWPt2Je43gdocJLZqur7frYWpVU-32aHfE2_0TrO1ku4-R8ucjmiUd8clojkPK3F5_8Vx1bSqIeiGIJ8qFKSzDWJX3fP2s2ls7vp7sh-abYNbuJUpTY9FosRsejcbOovZyE-im07dhwICb_Q7zlcP8TpaT1v_QRIrgP1EJquU918c75oE6czQT7L47H_RPdwe1pv9fmQFLBATayxni3q_3Wuu6Ti7eRqTfTJvjWej7e1EYNuM1Nq8iTuTriSIk0TobDr_p8lM0Q21KimqpoJq_PNfkZiVJw:1opxwh:nJWOWmGn8YfwVaad7cVwkKiim_oEowFWzG1bCOc_ZVA", "expire_date": "2022-11-15T20:33:15.246Z"}}, {"model": "sessions.session", "pk": "3casrfv3mnewsv72sz675arlkkqi84hw", "fields": {"session_data": ".eJzVV21v4rgW_i9I9IsHlFeSjMQHaMuUbkvboW_T1Qo5jpO4JHaInYb06v73ewx02tuB2Xa1o5lBCJLj8-7j5xz_pzXDlUpnlaTljEWtjy2z9eElLcRkTrleiO4xT0SXCK5KFnY1S3ezKrunIqLZcMP7fwpSLFOQxpZvWTExac_xAkzNKLJ6oe-4xDNc1_ANLyR2L8QODahnOzSycGgQSnt24FPPw1grlVRKJviMLgtWNq2PxodWjROFWdYpSvrAaN0JWh__bBFZxjmLoozWuKRKgFP9m6PlhRNKf_jHbVqS5GpkDgo5uU7ym3MyLoLzo_rMPXTmj2Lihb3QG15aYxYZ-YW6LgJik8Uep0vV3yMizylXMy4UixnBCvyRfcH3FFMZ7e_jMkJTSjR5T2ZV0idA6cgnChWzNSM84pKks4hKUrJCr_b3EjHL2AOdYTC0inH9uLEpO5dnl4OT2ejs8-m0bzyTx5Px5Xjbwul4MptcnW5ZGNy-WGh9MHs9zzYDz-t1rcDznb--Taxp78rs8V21qC4icuVdi8dFdjg5XaTZsL6cDyaH0wtzUp2djJxj9-AIu4wWJDMnDe6d3arykQ_zyhFvy-xocCH3dDJnoYiaftsbto2DtjFA8GlbVpgJMpfw0LYHqO2-WFwxeK8IG6k5bZ5ELMsJlkmoX639rcyqKegzd8WlajIafUcgooVKNxLGTq0Q_LPWcYwaUaH7SiqUCIVwUZTigUYoFiVSKUV3cL6onK_epwqXqioQsCQlzsHCSrhmWYZixiOUihopgTAU3wNWVK-WzxpKCuEMVpokW6IcznUqEQY5AZZKzbCoYEeyBtbAHyzn4AiQ5GprEPDQ7nfCZzxjnE51lj4DctCXu-Me7JICg0w12wRe7egLwmt1X9Wc4uJJB1TAkwg8rCuJKNw_gXPIIcCSrmng87yfKlVIEGtbI_jKqihEqbqP68wBAkKuRymBH8o7Fbg5go1gJNMej-yeYdiuGZiuaXcGoahUB9LZ2aS9A-nubDZOdjY7t7bMcpzQvreGjRgv5C8PF36v67tu4Npb8MLfBRdRnobxzfVNduiODqe3pw9X6XTenJrJsomluGNfwmZxfj7h_lH8eP_5TB1fFyfuSTTktU9uLOvyzUBcCug_2TdovCb_HpBsGVbgdh2r5_ccc0uS3V1JHi_cxbQ-9K-TdMmJdy-yW_OI4cojQeZ6ylVxPpJF_Ti-L0sr_GLs5-6VfBg6NDxmjyf1p7clecoUOhA1_4pE5yIiWKq9r2n-YWCtgjr3fjJYX2oEbFsegCbitEbFOnrEOKBuzduWiUaigmNfSo3N-4dnq3-NsDmeAxWRFCvAa5WijGLNh7AGDI30DFB5k9V7gG1OG9lFa4vufmUZZiBRWWW0E2esKBhPtGrtRSSSHD_ZKSlpCEBagmKom6qk4Bx0hKQUNUxv6DyrVi7VaYMI9ByRA-5DmdOSUU6AGRxaeQNgD74gESNZEQJj2MqAhDizCIUNKqgoMgp6BJpz6DoVhxKNGABsyDIAYjArWUQRBPdPW8Y3_Dtr5YVCEceSqu9u6wvujPLkaxHYf8u-qqkXvRuQYLyv33e4ur3nvTsM23xXHP47wxienRz8-CBMP3hXFMHfsr83jG_r71cYSjawuZpMmFSUIzhOemFNX80Is6rMXo0om9EEhosNaMjNlFJUYcb0pLKS1PMJCXq2j4PYDELHCVyj58dwMwtMS0_AjuN0C548G9wyDu20tXntkGUHQyuKtDWYQ3EGgejndQuWTHUigMfOE_sGNn_1TmybTtcxbMNztzRiZ1cjvju-O3exOb1O4-gm-VRfO0ZNLozxp8i2HDcd_NEkzsi-vB_PC28YL6PA9Ytbu2QTcnDXHM_DtzViaAtiT__8sH7LCc6NN_fbdNXNOoLTf7fjbrn9yJ95A3mt4U2ptKP73ve83ppKVYt_N5U3NIOiovp--DS97UPkJc5-u4R6eSLNnzwLftFX6wcGecQZSqsQEcG5vmLA6LW-lMOQp3n0Sa445ENPUHD_iyoCE1aJGdesz7fvDTrqYc8wsFFSCdIwef22N-4VPK3vuOa6E6xQ69dGfcv1nK5t2YYd_PXf_wH8-zUH:1opula:4wYNYc9hk3Ij9O2bbhLVyyxI6zCNwiPKAOofpcufC2Y", "expire_date": "2022-11-15T17:09:34.324Z"}}, {"model": "sessions.session", "pk": "3tdo7iqph6v68gqjovcyi1dwz6csz1w5", "fields": {"session_data": ".eJxVjEEOwiAUBe_C2hBKKdAu3XsG8oGnRQ00pU00xrtrky50-2bevJijdRndWjG7FNnAGnb43TyFG_IG4pXypfBQ8jInzzeF77TyU4m4H3f3LzBSHb9vklbKc2iglekJTYxSe6u6YETXCSuMD632pNDDtApRkhcB0G1vYQzRFq2oNZXs8JjS_GSDeH8Aj_I_bw:1olB5M:DDXRylPF5TF8epZI4BJ3avyha3FFl6GyuPGnmlNjABo", "expire_date": "2022-11-02T15:34:24.970Z"}}, {"model": "sessions.session", "pk": "4684k1w73dnbyihhkyfk8lsvh88ug1w5", "fields": {"session_data": ".eJzdmG1v2zgSgP9LAOcLa0OS9WIVyAc7cbpO89ImaZz0sDAoaiQxlkiFpKyoh_vvN5Kdl2uSbnrtbm_PiG2KHA5nhjMP6fxza0Erky0qDWrB4623W_bWm8d9EWVLEO1AfE1FKgdMCqN4NGhFBptRPTiSMeSTjex_KMioznA2dUaOkzAbfDcIKdhx7PjRyPVYYHmeNbKCiA39iLoQQjB0IXZoZDEAfxiOIAgobZVq0JpLsYDbkqtm6631ZqumqaE875cKVhzqvrv19h9bTKuk4HGcQ00VGIlG7dxehmoIF-Ps7Bg-X2Z5XuroQh85h7N30wOHjrM65rshH3qXvLiaRahWmWnyvpiK_Xx2NF5uC7g1O9tMFgUIsxDS8IQzatAevSPFtuEmh50MlNxuPxaRjJudXjDpWXs9a0zw1XOcKJdsqbHRG45Jz3s02AkEX3VsZi2huZviOILRwmofnd1nhU1TwoN0BjQG1ZcCvjElhtJkmznWi3rR_Qe9n3GbQS9JIhU5M1SZqtTfWIGLnAs4M00Op5hE8DgE3t5LszDO3DTPTfgqbE81vCqUw9hY4feG0tTy54ZyDjkmFRAj7yJJdtFzRfO_XUBHLl06rw5oJXRrf_xzw3klK0VWHONIc5JVEUFeCWCGi5Q0siI1R43ermjF2mKuBIYEVZNSybhihmDkuWilqYiJNFjMRK_3BadVlkUtBRpnM9CDX7lDD1z5St29miNa3unA3bubgo01oXhBU9ixt3VepWtwaZCLNcewSRXLFljkTPGypdzOdioXOV_BgiIHOwR3za03tu_7tuW7YTAYBb5r--7vT8HsvwTmq6sLOL-Zfin1l8lVMw8kD91peu1VV1es-XQWzW4_ezq3nfjWPbi8_ji_LkaFGGal2Ls8v53yi9eB-b60LskY1471NqNKSTyh8j8N1T6r0uYXl8N0BaohDe5mm-M1kIynWY5vTPQMSATadIkeqbave1qPPAnYgJxUhsiEFFQ0RMiCi3WQW8VtNV1XMWYtwYhiuUGMZwN21hyrT2lCmZJar_twcyCVimOKo5HjstRoqU9mArvVg84zoEWOJz6a0D7OhJCrbrQzeI8aupmmW9PRvjk1LOuMhxWmApGiH0PRCiNbU0DX0N-Mi7iPMn3NQKC5uZTL1mf0M1Gy6Dx5bPnftsYf8psZunOIGSBIIRW0A-v-DgCLSuU7mTFluxk9Zx__vqwPdzzbN-DTeOkrcKCsopwzbHQz0fj9GGAUWnbkJQ5zncgJ7ZHvs8SybSeC0IsHpUgfFsRoLV-71uaxz277tMs_7Esw5XKuTdteY-uJ1I8xLLTC4WBku4E9dJ5hmPcSw24m8fj87MKaT4efjm7ny6PRyeRdVqRuSU8PZH1Gaab0MTfvDxrnkH8Mf2PH56W7HF-6YTMbzXdfyTBuyJ6sxX1tfpAxo9r8BSgzYV0Evxhl53hG4SIBwoQIqEm59p5wgfVdi55jk31ZYTqpDh-705Puu63_gi5bCLEMC729AJC8u8yhpkhWHe_4_SlPrrH6BTQIlPWKeOo7lh1qoqoc-knOyxKvB63q1opYpgW9W0cBa1jeXh4SzJtKARrXskfJGn8skQ951ZlUZw1hlTZ47VMEsxCQhYKhsL6jL142VQdbXTG8aKwd0ehnjqhuSAmyzAH1SLIUsiaVwBSNORZ6xHOkAi6reQwIM_P_wi8sexB47NQ_lV8s9IcjGiZ2GLlu6Fn-KMGfqaHtOI4buq77p_OLm36Mydu_E98k9Q9izLbDwQjvYp4dPIOx4CWMBdyqyuLL_OPwJlgdaOdwP_qkZjfyt4sTUasTcXrq5lfZvJyOLpKqKk7fHVBGV3I2Hh-7qwiC12HsuIKVJLuboP4V97DSd_1ffQ_DDSZ43agExV8aFUT4RRUleD1rf4ZIclNBTP_LWn0i_2JoHimUSaLhzkL7-XUfiecg0nun_T-S7kL44P3k5HCvfXrB0OdR891OOKPvcsL9Tidm5-PD2e433Xi6cf9jGMVjrk28FEH0xxxdU3KgbyokhC4pgz6LxYZv7b8BcW1srWz88EI_iSAausyKowRfEbVtz8Mq2rc9vA6GtmV7fhD2Q_vD0ZH3fjI5O_fP55PwxH2HPu2_ozmegrQ_4TJGsCk8vmjcV1TQvpLXtB9Y1i2-B9dl2hvuI24LanrDPduyrPqbgK7repBKmebQGr6mrmgJ1L-b9aOs9cIBmuE6XvD7v_4NLfgyuw:1okp6N:M67jEZ782ksRHyZJsnJqofZxpX4pWM8VuFnnPsplDX0", "expire_date": "2022-11-01T16:05:59.101Z"}}, {"model": "sessions.session", "pk": "a02ykala9d9wef49znrjojdhs99967ef", "fields": {"session_data": ".eJzVV21P4zgQ_i-VyhfTKi9t0iL1QymwsMCyvLM9rSInmSRuXbvYTqA63X-_cVoWDiiHbveEtqoqx_PMePyMn3H6ZyOipSmiUoOKWNrYaniNzadzMU2mIKwhnVCRy3YihVEsbltIe2XV7WOZAt9eYf8RoKC6QG839l2_1_V6EHtZ1vESJ-ingU_9sOtRlwZx2MmS2HHdfj_I4qyfJi71umEvyJzE6bihDapBayZFBPdzphaNLWezcUdzQxlvzRVUDO5afmPrj0aiVTZjacrhjiowEpManFS7-UVQVWP3Yvt0dL-4P7462R72T4LJXpgMhbik1XD37LTkFf9yIXenk69D4d30xve726n2Ybwh4N4MNgwzHAb7cgYbmpf5oKhHIKOlAYdUJUWUgk4UmxvMdrCRy4izCiKK_nXq9bCx6QZB6Hud0PPa_V4_8HvfX-6ns24_5_uTTuV-OrrVV3v7zKlM34vzrHO56E1YL56E32ZU5sfu4fG1ODvshEWW7B_uj_zu2GRS7tLPq_0kcjYDYSIhDctYQm3GeiDFaqMFKLlhf6JYpotBM9xuOjtNZ0jw0_S8mMtkqnHQ9Iek2X1irAHhs4mV1xQWDy6eJxI6c-yjN3oVbBZzeEQXQFNQLSngDZcU5qZY-Thr4-L2H-OO8diCnpJMKnJuqDLlXL-xAhOcCTg3Cw5nKAp4SkF3Z50X8szM4jWHZ7S9jPAuKv10EryV9atUmjv5a6m8Bo6HCoiRD0ySEe5cUf7bERrOcu2-m9BSaJt_-mvp_CZLRSqGPFJOijIm2H8FJIaJnCxkSe6YKYjFWCWXAvnAuGSuZFomhiDtTFgoFSmRBpVM9LIoze6odBzqKNDonYBuf2R5HpvKs3A_whzT-UMMLN2DCw6W7YnNaA6Dzqop2671k0252207Pc_ve94rXdntrWvLV0B1fBOzo9P7k-vzg7ITj1xH3hwO2eW8M_4cuBfu8fXBXRFOx85492t-CsVQHV1fuTun1VQPD97XlpEJqy21IF9YXtjTQlIgV1SQTzIvNhI0Sbx8-f_WtWWmRO-DlXFECZ5khueZCKkM0BkopEpQMpxQclhqlkwJaMJr3PK8Q4psgiULrJ9ms5UQwDXoS_CFhQG5LYEwgWOEMNSb1NYD4yQlN6WiZC7nBISdkTE-PuEe-Rw9r049QxZWudbFRucyR79S4ByXiqUSzYaBEpKgIHEVmsr_KsgX-LVVfRJQZpkG82YBnqA5iPxHubzuv8Hr6j8WbvvkaMc-rUl055Udf9wdEOjYDz74pP-unfmxDyWGDs4BasEmHKxlaaj7dlQqPiiMwXcuf9j09vC7UhoTtyUDQ_FfxwxnazRmvHdQqxI7esRptMJGqMqIiQpfa0S0FGBUC9DCUJ-R1Sf6Iqyla3Pr-SqTef6YGhI7fVdWdUa4M7DBmbAIm6sBa8Q_NI7XWnaRVgotTh9WbdlEVvk-JCRsvhZWUdHKMd92YWZ8eautg_zkTdf3g3bgeL1-GHz_62_XCP4N:1opvNg:e4KM359QkvWDzmL_Buslt5GLK4xb67pAU85L_NVGW4U", "expire_date": "2022-11-15T17:48:56.603Z"}}, {"model": "sessions.session", "pk": "bds0wql6bu3uns9ronzcq74oric35ju3", "fields": {"session_data": ".eJzVWFtz4rgS_i-pSl40pnzBNp4qHoAEhgzXQIYMW1uUbAtbYCzHkrlk6_z307IhIRPIZh52Tw5FjNySWupWf1-38tfFDGcinGWcpDPqX3y90C6-HMtc7C1JLDv8BY4DVvJYLFLqluSQ0r6Xl7rMJ1F9P_aVghDzEGZjvaLrc08jVtl2MNF8X7fcStn0bNU01Ypqu55hubhMHGIbZeLr2FU9QizDqRDbxlgq5YRzyuIZ2SY03V18Vb9cbHAgMI2UJCVrSjaKffH1jwuPp_MV9f2IbHBKBINNVZe05V-32eIOr6zJ49Luh8lEzRbaj07vYVqr1Oak3epb7m73dO_YbJBZ_X62Hgz7OB6uo5ssuorJVlSvPLZakVjMYibonHpYwH54lcVXgoqIVHsZWTPUwCkD26MrD6dFa-Yyf1e9tOuX6vWlWkPwudR1N2LekkPj0qihS_OoMx9g_yLYz1qS3WGKrluJVbbkq944OVjsEvIyOou52EXEf2eCTxIR7meoZ7WCL1603nCBEeEoizFK0oy48INTjNYkReAvhh4z4uN31qRxRGMyklu7gxgjZ13yrmuOFLL5nJPDDrXT6x4Nj0gcPBtt_d3o3IUv1tf7nWv5dmaj12fV_ZYReuW3jCj_phHtca3TbrxrxtuDM0_bBloAIVTs3pylef1rhB8JflX3rKaLk4MO8NhhCjSO4OUJXKUpkoEX0BjLnqKDrnBAZlkaVUMhEg5aLvUmfHM5L_HHDBiCJ9gjiufHQG4r6JQUB2tDa63Bw3SsuUtco-ypvjuHj4s1zTQBRU3NVDXN0VTNtGxHcbRBt2t-r9dHY2s8qTv9cgtsarZwRFKKlTplPgVQcOpjX0lxjJWULbBiq-oW_kqLJLg0mnOWrrC4NK41VVU3L5YARJa_GLHZbEoBY0FE5MaveJQF1VgykHKYdcUJmxXUBE2ceuHMJ9xLaSKJq3oVMNC7JjMM1JazatHcsxxXxn0IjFmzf9cdVdUXcbvXHrdPdXTbvVnvvnuio_Zw1HHxRbMsSzOMStkoOaphmbb951sy19RzbD69e2qEk9bqnqY_m4t-5N-VK8GyO_SGdpZh7N736iZfinr921Qbhov2molWp7m4TjnWh2Qz-Ribj1NMYxoH8hD8Fwp_TdwysHPhMy_D096SrbpnvGO6hOc4JKiRccFWQI832wRCg8QeQTUP-2S1QwIvgUt3LEMihEMMQohqLgdxxObAp1kKaRDxhHj5lqNoh-BIaRATHwmGQhIl-eyACJQlCMc-SrNYmoHmmIOMy-YU8jThS8RZlOVWl152-5wy3maMV_lBLSRn2HsP-HzIWz447vWxwHtpAXD4vp75TAHPA4ojkbC_ZTQGVxGECwcWPSfQwrMkYakoPRWm77EeevAgsZLBxpo4FdSL5B6bhqVCYVK2tIphKHtvKY0HpXa8Ss4iVb1AnjhEy-fGXNmwK6WKpeu6ap7CnHYOc0-D28akN-isozXeUafd5O1JO2Hjm28_71P_u5Z1OqbtNlTvu-HfBjfmw9TO_O8_WuOFxnuh1f0Y5vpzEBL0Tcb57-POWtCdeRp3eZxsCFkCYPaFJJeAkTgBvKSySuH5ZgAzfENSwJMETwRHWARYTDYwAs0JFlkq4Rg_wyhJmZ95gpcQwHuHwGcoZFyACneHRgLiKks4GmWeBysjQfAKYXGY_Y9AL3fNcQlhGMWc4zrBKURHxcBRQfMGhf8MfkdAXZKoIO8BweWHH74c_pms9xrDHl4lGNRAs9Cg5Brg9RimRgHT4xGfHKqmaeol3TIszdROQNU5h9S0xqY3w85ykt49dgf-3Lzbeo3JIrWDyfTBXt6sNo98QHZP18NEPPTajZhNvtvhkKxG0-3CbSUfQyrccnw0Ip4UF66Vzlb4QfKpXWuphlNSbSje9FOVR-Wca0ejoHsX1-NupTHt9e6b06B9f8ubi_l6WevQptHr07neYQ2xxfrPTqKHPZuTnmdldlyxV1r_w64t6rc3_i3E_y9OtsHJeqUCXj7hY_OcjwMg4pExDpxJ2OzXWqtNVJ7U75zN_WAchziy3cfgh5G21sNo0J7u3Nv-SGSW11o46eTHNfk2-piPR1Sga7aJD_SMBsz3oED6Fy7twtms7P_xpR3yVAqL2JDtZGJDSWE9ksUUeOVS11CTZcCykkcbqHHTz39lRlxBhZpy5IWQwjZUhDJFynEIuywTMlXCVYzvvboAno3JrsiMsKLZyHRVczgUpRFR5hFNEqiZpGq5C58FK3xYJyXezouKwpVGkHJhczJhp2wjwhIaRFm-pU24Q96hoCYvBTXlMsfKxB0CNISsnnmRgPMFZPKP8vycEJZEBPQwtIzZBmUxhKhPITm5NILsBcvClY0gMK70ziG891-MT3ZV7lCoTWIExv79TXmfaiE974-U77NukrkR9Z7v0jIPO5ZRwc5cc9xy2TFVqzKv6LqjQa1Zdsrlcikp7lJnL7Rn19q_Kt5WwUAUvlxtDhf9CAzJ83zOj5wKxYfgVQ7D90H9yWnSdipaCS7Bjmrrf_7nvybfvzo:1okwbF:-BLq1klOP8nu6m0ATpFb3QVJ3Bpw3cXrhc7AKYY_DNw", "expire_date": "2022-11-02T00:06:21.037Z"}}, {"model": "sessions.session", "pk": "c53ttjf2ffcuwbzbjli7jjnlpaumbsy2", "fields": {"session_data": ".eJxVjEEOwiAUBe_C2hBKKdAu3XsG8oGnRQ00pU00xrtrky50-2bevJijdRndWjG7FNnAGnb43TyFG_IG4pXypfBQ8jInzzeF77TyU4m4H3f3LzBSHb9vklbKc2iglekJTYxSe6u6YETXCSuMD632pNDDtApRkhcB0G1vYQzRFq2oNZXs8JjS_GSDeH8Aj_I_bw:1oni4N:qOUnh17oV470jnAS8PoHDKPPRE58niUxRGRzJDHS-1A", "expire_date": "2022-11-09T15:11:51.097Z"}}, {"model": "sessions.session", "pk": "hvqk8g2m12punlh0dm6g7yteea1gquzr", "fields": {"session_data": ".eJzVV1tv4joQ_i9I9CUblHtIJR64KBQWWlqgpT1aIScxSUpiB9uB0KPz38-E0Mvu0qPuGycEy8xMnJnPM-OPv2tLlItomXPMlnFQu6yptW8fZR7y15iUiuAZkZA2fEoEi71GadI4anljTAOcdI62Py0QIR7B00hratrKV7Fl2A7CahBoltc0TN9WTFNpKrbn65aHDOxgWzdwoCFP8TG2dKeJbRuhclGOOY8pWeIii9m-dql8q-1QKFCcyBnD2xjvZL12-VfN52yVxkGQ4B1iWFBwqlU8NdN0vTJUXoTCScf7q6fgKrt_3D485FNlXsy2vdXD82TEJp4yXAvvlufmeHJV5KsFw8FgdEFwIVoXIhYJbl3RFF_wJA9b0WGG6bJSwBQxP1oGmPsszgR427oI6TKJt3iJ4PmD69XUp2mKieDy7GbWHi3dm7vxtKW8iwfXg9nglGI8uF5ez8cnFO3FB0Xtm2pZluqomtlsmLpuKY7243fEjM8Qm7NZGFlE16YqYvno-krMUTtfDSPC7pNNyMIFde7MxXe-cudX7tR_wpnmztU47PPpVc9wj4gdvVsSKuJV7KMSE96i5AhlhBm9KIelR4N9q2536prmJdRfc5jU9Xbd7FTCNd4fJZpGfJQq5S-tC6OAF72pniADMV9LK8qkqUBM5Bl_t9xn-M0ywijATKYEv-kDnImoMlAqSUySmOCp2Cf4DvIff_DK7FUmEF0s9p9pAyTQUQph2L3yBsVvIemBUJzTIT3gBFDEkqDSMEdEyhAA9J8xiR09h5iaBlprp2N6pDmTtjFsD0qkKPck6CsE-yImobSnubSLwWmzS0qzMoVyAv7AOlLGaJD7QhIMxaS0RiSQqIAUkni13fWuVm8rDHN41se8cRqpnPASgOAccNI2xsY7jdOw_fo5rzB-fnKMsl8MqpqOUxTilnHslWWpn3mv1A2jAQdSU7XsE71S1T5rluq2ya97eW_4MnscT9jjNcd52x7xl_h2tIuSIVF7Cekaa-ehGGjKnpjBMHWLQt137gbT3Fl8rVneCEYlHzEKJ2tyAZNq9ketc_-82eSncw1DAUmYSzlBUGY59tD_LOfeEfEFaoEZQ-ziFa8qGZc5S1qREHAolLG4cB_kvME3OWwnz5CPZT8gQHRSUJZ0BxaC2VaFwXSslYc93fCVwFvB5SFVNU2AwlVNRYUMUlTTsh3ZUSfjsfm905nOrNlDx7kx-uC920cJZjGSOzENIM8ZjwMUyAwRJDP6jGRbUQr4Np6zsK67cIalSNT1nqooyu49EsB2_UsQIaVhgkunq2KjkCryW6qcedUZmt6w4TJOERTns5qj2nqvb4uedovywnQmQ3Kz1fyJjYrE7s-69Pt-wnq5vebBDb4OQ6w2n4nd7fSd29TQrE33azXXRSyQpuXJBKIDtIBqIPNXyZkjaykNy1ZVzbJO9bNP6fJLuuDzjPQdd2BnyS7t9Se30W7OV-naKlRjcT8FKOiCvGjpnbvrje7ZepA-9FXsJvoMT72vYeu2b3mZ1cEfdTDDKcJPTsvB6kAennMupJAKCWVAF7Y4OLBB4AjSCXZYMoqQobQkFxXzSBJpFQOriOiu5FwIdnqLBC617H0FhqEjtg8r8biQUmgUEf_ARsBgk0PwyR504A_ia3AERPyAggQ2-My4yVcabHDorSPIdQJxMVzJTnQknmcZZaLxUgF27KeRDwMmcg4uuYB_7Celdy78PVF0EzLWVHW57dFcyICifERbBpTlVzYvHzesenNFMeyqNFdow8-9JE3FbDTNpmJqP_75FziP9vs:1olAWX:aztYIcDGrj_blGdM0lZZVI4c45dIcu3ztSazixfSwSU", "expire_date": "2022-11-02T14:58:25.859Z"}}, {"model": "sessions.session", "pk": "hwsz8xklucq006a8hiz22mngbu42t5ux", "fields": {"session_data": ".eJzVV-tv4joW_1-Q6BcPKAkQ6Eh84DGd0sujPHoLXV1FTuIEQ7BT2-HR1f7ve5yklLZQ3VmtVrNVFezzynn4_I7zz4KDE7V0EkmEQ_3C94JV-HZKc7G3Jkwz_BVmIS97nClB3bIWKedcWR5wn0TtXPadgSWWS9A23YpZadSsBnGtIKhanmFf-3YFV-o1C5vYduvVwHMN07y-tgM3uPY9E1u1esMODM-omnVtVBIpKWcO2cdUHArfjW-FHQ4VplEpFmRLya5k2oXv_yh4UgQb6vsR2WFBFAevmmpGrP3Bqh7uh231p4q77XW3r_D8uY9bXT6kffqw2D6q9mE2mexri-HSjGp-YzztreJFz70LrhjZq-aVxzcbwpTDuKIB9bACh2STsytFVUSaRcuaKizEAQ1puFSwRT5Bf2KGfvJweeUBi0NaIsfl_qFZrLeLRrdotBD8gawbcW8tYVGstFCxdsJMBeofCLnWmhxeVWBDbY_ordU5K6wOMXmTTphUh4j4Xyj4JFbLXMO4aBVy82a1jxEWikqFEeNCEbwhAlLFMGqtMPojkdRbIyJRlMoVa53EMIgP2SQ6WUTrSbqJc4apQBfBUaIEPScEUQZrEKFwErnUGmDHSyKVCIxiHiPCNIW7sD3JPeSz87E6KQUdEFjSKtp6xEPQSxjQIi6oz4GtKBGMI0EkvAX7vPxFuiiLKCNTndUJ9Au5WM0vq3pikAeBJK_Jteyz7z0RjwgLj_UyzxfsRDwt_1vl2qN-V-8ueNq9aO6XojCt-i-F0fjFKHqzVr_X-TKOz6WrnQ8OrEC7U3X4VM1a92N7nhA-mjuaGeD41Qak7FUFFifY4CncnBKSNpEXEc3JGHSDQ-IkImoulYolWClaN_Cfn37KnhNKFAaM3gA1lQaPb3pppzg-cSLs5LIOdIpD2Rb7hDlZUzhpU2gx6BlH9wzoglhJpuzSx7es4vDNNTj167_lVeoRREa0ccq0hPZVEc0E-DesUtbZJZ-UIvz61pJ2JPf31SGm_dViW8xKIfhbXqpNdCWjJGxeErmShDsZVsMSC28JAUtP0FgjefMq5BDKljgYsD6dM9kyh31Zmo3gcDk3o8lg2jTeyL1hb9Y7xxj0hs7wYXCG0ZqfMArfTNu261bdrBtls9qoWI3KX5_HW_XSdNs93cjb28d49FBpz-4eWqz25I4nt_O41nlpb0NrBGh2U2OPo0V9Mp_FC3NrdOmOTW-7k_lP6j3l0y1LzJIIfqUfb1Pq_WzSxz8lHkcPPJmHN0aOjKcTAZ5PcCsgco0CLpA-ayqJ5ZvkcSLBc0mgwKLEGTnyTwaQkVEuYGzelKnI55495fpY4ZyaNWGGbJ9CsmrSej4f0iOJoJQEKQ5ThOVBoQ68V-Doy9jUjv9nsaXunQJprnKKldmAeIeIJ7AOYf53E9So4rV1PkELngi0pZAWHKFl4uohy4inKAvRgSdoR8FnSJ0W002RMPAH7KBYcD_xFFIaOrQ0Zj7iCs4jklmaix2r2DJgHIOuR2T5fLo_3G3-ZwfpveYR748CWWel4Nw0M7BKG-73BqYGgFK5ZpmVeuUcMF1fAibRx6Y9YPbDmHcG3Zd5RKrBftz3rmeDaKK6d3d4PK_iUffhQU7Hw2r09KN2-7QVdSHMu8fw5ec7YOpg4aOpPkRw4U4zB_PHL8lXyu-dwaptlU2zAV8ztTMZhE-cCync17svd30mZvtgVbf7DTyY7oxNO5TDlaTWPLjfrba316PFrL16ccNwN_JmC2ku3T-iw5jdz7y_9-XyY-9FcDPfEjQKAiKkHu3-Lw2A1QurVy-hJYqhdRkRxE87H71r-7TF3YRGPqwQOXriU-nxhCnkcp5ND0COMvpJFPLAElUy1XwVk4DGCG4jqPU41UjSFmSvf-9h_HC9mB02RC5poPTmCCv_dwCSVkZfEnUifIKjvFhn7mAYABi7EckvX3IpbuhqnrBx-8fkfm1UgKbcKMB2TA7P4-FCKTXIjGUAZWdtdixJiWeH4zdvNbtRKTcMwzat6l__-jdhXCwt:1onQGh:Llc1pVQM-f610HqZgIiqlXXiBndUysnaBsc8tcIKjJs", "expire_date": "2022-11-08T20:11:23.801Z"}}, {"model": "sessions.session", "pk": "vj2hrjkirxpo5oeruowlm385grm2wop9", "fields": {"session_data": ".eJzVVGFv2jAQ_S-R4EsKchKSkEp8gMI2tgIblLVlmiLHuRCXxE5tB5pN--9zSlm7rp02adK2fIgud_de7Ofz-2yEuFRpWEoQIY2NY8M2jh7mIkw2wOpCfIXZmrcJZ0rQqF23tO-qsj3hMWSDu97vCFIsU422Isdyuq7dhchOko5NkBfEnoMd37Wxhb3I7yQkQpYVBF4SJUFMLGy7ftdLEEEdy69JJUhJOQvhpqCiMo7RkbHDa4Vp1ioEbCnsWl3j-INBpEhyGscZ7LAAxfWiehuO8i1xsvniZjU6dZZDqJaQOvn2JVq_wW-HfT-4fHc-ZaeD3ULtPrHZ8HobdFDuj06D8sQaNhncqF5TUZVB7wQLwfXuMnMBROklNWVWrnvkkG7JQxp4uIfoEAuShjFIImhRV3vNNQ8zuoUQa-bbTe1DwvMcmJKts9lZ_zR8MZtPFj10nx5Px2fjpwqT8TScLidPFPoXDwrGkeV5nm8jZKG26we257sff9Sy85yWTkKKV_NldbW5nK686_HFi-pTZ_Xq_Wo5JsNc8qvLzLIHo37sXLyczc-jbucaryaj94OFctlsxL_TMgXBm_UrjHhc9Rr-oIGGDdQ39dOw7SjjZCN10HD6ZsN9ULxt8B8l7lAbqA4Q22YE56j-tE-ebFZVAffdKeAYRIsz-AkkhkKldxj0LK_e5T3vSt8MkBsz4cJcKCxUWcif_IGyjDJYqCqDub538FACd_gcSh82VdVTgEey_cjwS1I6sULB70qpdvzPSnkOmZ5sMBU3X5eYmQXWU_Lfadnt4I39y1qWTNbrj_-skpe8FOaW6mHEmZmWkandndXexdZmxUtzRzWje8LqttpMSqYl0dRmIXhcEmUqgSmruzGLTa70PTblfrg1rEQIIwFSownI9t88oXtLeUT3jWaCiwOHPr0DRAd7c6I5XkPP2hv9rWf9297ueF1Xe7vdRcj--OUrGzVBKQ:1onOy5:fQAa1DWPyo6pt2ROCrI08tXKkOzy2Sl9Ml_XOAkrAaE", "expire_date": "2022-11-08T18:48:05.573Z"}}, {"model": "sessions.session", "pk": "wb9ly4annf99vnbm1dih05f4i5e5s6o4", "fields": {"session_data": ".eJxVjMsOwiAQRf-FtSEMtFC6dO83kBkeFjVgSptojP-uTbrQ7T3nnhdzuC6TW1ucXQ5sZJIdfjdCf41lA-GC5Vy5r2WZM_FN4Ttt_FRDvB139y8wYZu-byAFaujlEEmm1EkvtA1aoTK9REBNpkueBIC1OlGywQPK3gw6CS86MFu0xdZyLS4-7nl-slG8P2-qPqQ:1olWuS:nUjMS5omoU1i-DBtWiMVRFCj3HBPk8JWjetmoQeEScE", "expire_date": "2022-11-03T14:52:36.687Z"}}, {"model": "sessions.session", "pk": "ya4gchncknuye4z5vgo7aqqbucrenizp", "fields": {"session_data": ".eJxVjEEOwiAUBe_C2hBKKdAu3XsG8oGnRQ00pU00xrtrky50-2bevJijdRndWjG7FNnAGnb43TyFG_IG4pXypfBQ8jInzzeF77TyU4m4H3f3LzBSHb9vklbKc2iglekJTYxSe6u6YETXCSuMD632pNDDtApRkhcB0G1vYQzRFq2oNZXs8JjS_GSDeH8Aj_I_bw:1onikh:MpIzVn8Q4rjkp5MI4BWbxYbmE412EWvGerFMn5nkjXA", "expire_date": "2022-11-09T15:55:35.310Z"}}, {"model": "home.homepage", "pk": 3, "fields": {}}, {"model": "home.carrouselpage", "pk": 8, "fields": {}}, {"model": "home.cardsectionpage", "pk": 9, "fields": {}}, {"model": "home.heropage", "pk": 4, "fields": {"hero_body": "<h1 data-block-key=\"ncam0\">Zendesk for Startups</h1><h2 data-block-key=\"3dj6s\">Welcome to Startup Central</h2><p data-block-key=\"7mgs1\">Your virtual hub connecting you with our community, product training and other startup resources.</p>", "hero_image": 4}}, {"model": "home.carrousel", "pk": 5, "fields": {"carrousel_body": "<p data-block-key=\"t9wm7\">There&#x27;s a new podcast in town! Founders, CEOs, and makers chat with leaders about their startup journeys. There’s rule-flipping, new dogma, and recycling failure into growth. Plus, why customer experience is at the heart of success, as told by people who know unpredictability inside out.</p>", "carrousel_cta": "Listen now", "carousel_image_url": "https://zendeskforstartups.com/public/images/c9638a9f19b4495068f8229122249444.png", "carousel_link": "https://zendeskforstartups.com/startup-cx-awards/finalists/"}}, {"model": "home.carrousel", "pk": 6, "fields": {"carrousel_body": "<p data-block-key=\"6cugy\">Every year, we highlight the best and brightest at the Startup CX Awards. Out of many nominations, our judges selected four winners across four categories: Apps &amp; Integrations, Seamless CX, Innovation and Data &amp; Insights. Watch the event on-demand to get a behind-the-scenes look at CX from our four winners.</p>", "carrousel_cta": "Learn more", "carousel_image_url": "https://zendeskforstartups.com/public/images/dee8901b5f2c42b291866cf0112be95d.png", "carousel_link": "https://zendeskforstartups.com/startup-cx-awards/finalists/"}}, {"model": "home.carrousel", "pk": 18, "fields": {"carrousel_body": "<p data-block-key=\"ofrn8\"><b>La artista norteamericana</b> Aja Kusick es la artífice de esta simpática serie que inserta iconos de la cultura pop en la obra de Van Gogh &quot;Starry Night&quot; y con la que logra un colorido y tierno resultado.</p><p data-block-key=\"6sb36\"></p>", "carrousel_cta": "See article", "carousel_image_url": "https://culturainquieta.com/images/Iconos_de_la_cultura_pop_invaden_Starry_Night_de_Van_Gogh/pop-starry-culturainquieta.jpg", "carousel_link": "https://culturainquieta.com/es/arte/pintura/item/11902-iconos-de-la-cultura-pop-invaden-starry-night-de-van-gogh.html"}}, {"model": "home.sections", "pk": 10, "fields": {"card_body": "<p data-block-key=\"7xex0\">The Customer Experience Academy takes you through a series of courses specifically designed to help you get up and running fast using Zendesk solutions.</p>", "card_cta": "Join the academy", "card_link": "https://support.zendesk.com/hc/en-us/articles/360055461833-Zendesk-CX-Academy", "card_image": 2}}, {"model": "home.sections", "pk": 11, "fields": {"card_body": "<p data-block-key=\"6jiy5\">Join weekly sessions to get your <b>questions</b> answered and learn the newest features on Zendesk products. They are hosted by Startups Success team at Zendesk.</p>", "card_cta": "Sign up for office hours", "card_link": "https://www.zendesk.com/campaign/office-hours/", "card_image": 3}}, {"model": "home.sections", "pk": 13, "fields": {"card_body": "<p data-block-key=\"49xgb\">If you just got approved for the Zendesk for Startup program, you will find how to activate your Zendesk free* for six months and other frequently most asked questions here.</p>", "card_cta": "Learn more", "card_link": "https://support.zendesk.com/hc/en-us/articles/360035191513-About-the-Zendesk-for-Startups-program", "card_image": 7}}, {"model": "flex.flexcontainer", "pk": 23, "fields": {}}, {"model": "flex.flexpage", "pk": 24, "fields": {"subtitle": "about our page"}}, {"model": "flex.flexpage", "pk": 25, "fields": {"subtitle": "Content of some page"}}]